1,1,1,LA CEIBA,U
2,1,1,COROZAL,R
3,1,1,EL PARAÍSO O BATACA,R
4,1,1,EL PERÚ,R
5,1,1,EL PITAL,R
6,1,1,LA AUSENCIA,R
7,1,1,LA PRESA,R
8,1,1,LAS MANGAS,R
9,1,1,LOS LIMPIOS,R
10,1,1,PIEDRA PINTADA O LA COLORADA,R
11,1,1,RÍO MARÍA,R
12,1,1,RÍO VIEJO,R
13,1,1,SAMBO CREEK,R
14,1,1,TONCONTÍN,R
15,1,1,URRACO,R
16,1,1,YARUCA,R
1,2,1,EL PORVENIR,U
2,2,1,BURGOS,R
3,2,1,CÁCERES,R
4,2,1,CAMPO SALADO BARRA,R
5,2,1,CARACAS,R
6,2,1,CEIBA MOCHA,R
7,2,1,EL GANCHO,R
8,2,1,EL PINO,R
9,2,1,LA RUIDOSA,R
10,2,1,LA UNIÓN,R
11,2,1,LÓPEZ BONITO,R
12,2,1,OROTINA,R
13,2,1,SAN JOSÉ DE MONTEVIDEO,R
1,3,1,ESPARTA,U
2,3,1,AGUA CALIENTE,R
3,3,1,BARRANQUILLA NORTE,R
4,3,1,BUENOS AIRES,R
5,3,1,CAMPO NUEVO,R
6,3,1,CAYO DE VENADO,R
7,3,1,CEIBITA WAY,R
8,3,1,COLONIA BRISAS DE AMÉRICA,R
9,3,1,COLORADO BARRA,R
10,3,1,EL JAZMÍN,R
11,3,1,EL SUSPIRO,R
12,3,1,FLORES DE ITALIA,R
13,3,1,LA GUADALUPE,R
14,3,1,LA LIBERTAD,R
15,3,1,LA TARRALOSA,R
16,3,1,LAS AMÉRICAS NO.1,R
17,3,1,LAS DELICIAS,R
18,3,1,LAS DELICIAS DEL NORTE,R
19,3,1,LAS FLORES DE LEÁN,R
20,3,1,LOMBARDÍA O LA CURVA,R
21,3,1,LOS CERRITOS,R
22,3,1,MATA DE GUINEO,R
23,3,1,NUEVA ESPERANZA,R
24,3,1,NUEVA GO,R
25,3,1,PARÍS DE LEÁN,R
26,3,1,PIEDRAS DE AFILAR,R
27,3,1,RÍO CHIQUITO NORTE,R
28,3,1,LA ROSITA,R
29,3,1,SAN JOSÉ,R
30,3,1,SIEMPRE VIVA,R
31,3,1,SOMBRA VERDE,R
1,4,1,JUTIAPA,U
2,4,1,BERLÍN NO.1,R
3,4,1,CANTOR,R
4,4,1,CEFALÚ,R
5,4,1,CEIBA GRANDE,R
6,4,1,CORRALITOS,R
7,4,1,DESCOMBROS,R
8,4,1,EL AGUACATE EN LÍNEA,R
9,4,1,EL CACAO,R
10,4,1,EL DIAMANTE,R
11,4,1,EL NARANJO,R
12,4,1,EL URRACO,R
13,4,1,EL ZAPOTAL,R
14,4,1,EL ZAPOTE,R
15,4,1,ENTELINA,R
16,4,1,ILAMAPA,R
17,4,1,JALÁN,R
18,4,1,LA BOMBA,R
19,4,1,LAS MARÍAS,R
20,4,1,LOS OLANCHITOS,R
21,4,1,NUEVA ARMENIA,R
22,4,1,PAPALOTECA,R
23,4,1,PIEDRAS AMARILLAS,R
24,4,1,QUEBRADA GRANDE,R
25,4,1,ROMA,R
26,4,1,SALITRÁN,R
27,4,1,SALTOS,R
28,4,1,SAN RAMÓN,R
29,4,1,SONAGUERITA,R
30,4,1,SUBIRANA,R
31,4,1,TOMALÁ,R
1,5,1,LA MASICA,U
2,5,1,AGUA CALIENTE,R
3,5,1,AGUA FRÍA,R
4,5,1,BOCA CERRADA,R
5,5,1,COLINAS,R
6,5,1,EL DESVÍO,R
7,5,1,EL NARANJAL,R
8,5,1,EL ORO,R
9,5,1,EL RECREO,R
10,5,1,LA CUMBRE,R
11,5,1,MONTE NEGRO,R
12,5,1,SAN ANTONIO,R
13,5,1,SAN JUAN BENQUE,R
14,5,1,SAN JUAN PUEBLO,R
15,5,1,SAN MARCOS,R
16,5,1,SANTA FE,R
17,5,1,SOLEDAD,R
18,5,1,TIERRA FIRME,R
19,5,1,TRÍPOLI,R
1,6,1,SAN FRANCISCO,U
2,6,1,FRISCO NO.1,R
3,6,1,LA FRUTERA,R
4,6,1,LA LLAVE,R
5,6,1,LAS CAMELIAS,R
6,6,1,MICELLY,R
7,6,1,PAGUALES,R
8,6,1,RÍO CUERO,R
9,6,1,SALADITO,R
10,6,1,SANTA ANA,R
11,6,1,SANTIAGO,R
12,6,1,SANTIAGO ARRIBA,R
1,7,1,TELA,U
2,7,1,AGUA BLANCA,R
3,7,1,AGUA CHIQUITA,R
4,7,1,BARRA ULÚA,R
5,7,1,BRISAS DEL LEÁN,R
6,7,1,BUENA VISTA,R
7,7,1,BUENOS AIRES NO.1,R
8,7,1,BUENOS AIRES NO.2,R
9,7,1,CAMPO ELVIR,R
10,7,1,CANGÉLICA DEL COROZAL,R
11,7,1,CANGELIQUITA ABAJO,R
12,7,1,CANGELIQUITA ARRIBA,R
13,7,1,COL. LOS LAURELES,R
14,7,1,CONCEPCIÓN LA FLORIDA VIEJA,R
15,7,1,CREEK MARTÍNEZ,R
16,7,1,CHAMPERÍO O EL TRIUNFO DE ESQUIPULAS,R
17,7,1,EL BARRO O BUENA VISTA,R
18,7,1,EL CEDRO,R
19,7,1,EL DESVÍO DEL ZAPOTE MOJIMÁN,R
20,7,1,EL DORADO,R
21,7,1,EL ENCANTO,R
22,7,1,EL GUANO,R
23,7,1,EL GUAYABAL,R
24,7,1,EL JUNCO,R
25,7,1,EL JUTE,R
26,7,1,EL RODEO,R
27,7,1,EL TIGRE,R
28,7,1,EL TRIUNFO DE LA CRUZ,R
29,7,1,EL ZAPOTE NO.1,R
30,7,1,EL ZAPOTE NO.2,R
31,7,1,KILÓMETRO TRECE,R
32,7,1,LANCETILLA,R
33,7,1,LA ESPERANZA,R
34,7,1,LA ESPERANZA DE SANTIAGO,R
35,7,1,LA FORTUNA,R
36,7,1,LA ICA,R
37,7,1,LA PAZ,R
38,7,1,LA UNIÓN,R
39,7,1,LA YUSA,R
40,7,1,LAS DELICIAS NO.1,R
41,7,1,LAS MERCEDES,R
42,7,1,LAS METALIAS,R
43,7,1,LAS MINAS,R
44,7,1,LAS PALMAS,R
45,7,1,LAS QUEBRADAS,R
46,7,1,LOS CERRITOS,R
47,7,1,MELCHER O KILOMETRO DIEZ Y SIETE,R
48,7,1,MEROA OCHO,R
49,7,1,MEROA RÍO,R
50,7,1,MEZAPA O SANTA ROSA DEL NORTE,R
51,7,1,MONTE SIÓN,R
52,7,1,MORAZÁN,R
53,7,1,NOMBRE DE DIOS,R
54,7,1,NUEVA ESPERANZA,R
55,7,1,NUEVA SUYAPA,R
56,7,1,NUEVO BERLÍN O LAS JICOTEAS,R
57,7,1,PAUJILES,R
58,7,1,PEMAN O ULUITA ADENTRO,R
59,7,1,PIEDRAS GORDAS,R
60,7,1,PLANES,R
61,7,1,PROCÓN,R
62,7,1,PUERTO ARTURO,R
63,7,1,RÍO TINTO,R
64,7,1,SAN ALEJO,R
65,7,1,SAN ANTONIO,R
66,7,1,SAN ANTONIO DE VILLAFRANCA,R
67,7,1,SAN JOSÉ,R
68,7,1,SAN JUAN,R
69,7,1,SAN JUAN LEMPIRA,R
70,7,1,SANTIAGO,R
71,7,1,TARRALOSA,R
72,7,1,TOLOA ADENTRO,R
73,7,1,TOLOA CREEK,R
74,7,1,TORNABÉ,R
75,7,1,VILLAFRANCA,R
76,7,1,ZOILABÉ,R
1,8,1,ARIZONA,U
2,8,1,AGUA CALIENTE,R
3,8,1,ATENAS DE SAN CRISTÓBAL O KM. DIEZ Y SIETE,R
4,8,1,BARRANQUILLA SUR,R
5,8,1,COLONIA RÍO PLÁTANO,R
6,8,1,COLORADITO,R
7,8,1,EL COCO,R
8,8,1,EL EMPALME,R
9,8,1,EL RETIRO,R
10,8,1,HICAQUE,R
11,8,1,HISOPO,R
12,8,1,JILAMITO NUEVO,R
13,8,1,JILAMITO VIEJO,R
14,8,1,JILAMO NUEVO,R
15,8,1,JILAMO VIEJO,R
16,8,1,LA LEONA O KM. DOCE,R
17,8,1,LAS LOMAS,R
18,8,1,MEZAPA,R
19,8,1,MEZAPITA,R
20,8,1,PLANES DE HICAQUE,R
21,8,1,RÍO CHIQUITO SUR,R
22,8,1,SAN FRANCISCO DE SACO,R
23,8,1,SAN JOSÉ DE TIBURÓN,R
24,8,1,SANTA MARÍA,R
25,8,1,SISAMA,R
26,8,1,SUYAPA DE LEÁN O MATARAS,R
1,1,2,TRUJILLO,U
2,1,2,COL. AGUÁN,R
3,1,2,CHAPAGUA,R
4,1,2,EL COCO NO.1,R
5,1,2,ILANGA,R
6,1,2,JERICÓ,R
7,1,2,LA BREA,R
8,1,2,PUERTO CASTILLA,R
9,1,2,TARROS,R
1,2,2,BALFATE,U
2,2,2,ARENALOSA,R
3,2,2,BAMBÚ,R
4,2,2,CUYAMEL,R
5,2,2,EL CENIZO,R
6,2,2,EL PORVENIR,R
7,2,2,EL SATAL,R
8,2,2,EL SATALITO,R
9,2,2,LAS CRUCITAS,R
10,2,2,LAS FLORES,R
11,2,2,LAS MANGAS,R
12,2,2,LIMERA,R
13,2,2,LIS LIS,R
14,2,2,LUCINDA,R
15,2,2,PLANES DE BAMBÚ,R
16,2,2,RÍO COCO,R
17,2,2,RÍO ESTEBAN,R
18,2,2,SAN LUIS,R
1,3,2,IRIONA,U
2,3,2,CIRIBOYA,R
3,3,2,CUSUNA,R
4,3,2,IRIONA VIEJO,R
5,3,2,LAS CHAMPAS U OCOTALES,R
6,3,2,PAYA,R
7,3,2,PUNTA DE PIEDRA,R
8,3,2,SAN JOSÉ DE LA PUNTA,R
9,3,2,SANGRELAYA,R
10,3,2,SICO,R
11,3,2,TOCAMACHO,R
1,4,2,LIMÓN,U
2,4,2,FRANCIA,R
3,4,2,VALLECITO,R
1,5,2,SABÁ,U
2,5,2,BARRANCO CHELE,R
3,5,2,CAMPO VALLY,R
4,5,2,CEIBITA,R
5,5,2,COOPERATIVA EL ESFUERZO,R
6,5,2,EL ACHIOTE,R
7,5,2,EL JAGUILLO MUERTO,R
8,5,2,ELÍXIR,R
9,5,2,LAS GOLONDRINAS,R
10,5,2,ORICA,R
11,5,2,PAGUALES,R
12,5,2,PALOS DE AGUA ABAJO,R
13,5,2,SONÁMBULA,R
14,5,2,TIBURONES,R
1,6,2,SANTA FE,U
2,6,2,GUADALUPE,R
3,6,2,PLAN GRANDE,R
4,6,2,SAN ANTONIO,R
1,7,2,SANTA ROSA DE AGUÁN,U
2,7,2,VUELTA GRANDE,R
1,8,2,SONAGUERA,U
2,8,2,AGUA CALIENTE,R
3,8,2,ALTO SECO,R
4,8,2,CAMPO LA PAZ,R
5,8,2,COLONIA VEINTE Y UNO DE NOVIEMBRE,R
6,8,2,CHURRUSQUERA,R
7,8,2,EL GUAYABAL,R
8,8,2,EL LIMÓN,R
9,8,2,EL PORVENIR DE AÍDA O EL BERRINCHE,R
10,8,2,EL SASTRE,R
11,8,2,FAUST,R
12,8,2,FLORES DEL ESTE,R
13,8,2,FLORES DEL TERRERO,R
14,8,2,GIOCONDA,R
15,8,2,ISLETA CENTRAL,R
16,8,2,JUAN LÁZARO ABAJO O SAN JOSE D,R
17,8,2,LA CUBANA,R
18,8,2,LA CURVA DE ISLETAS,R
19,8,2,LA HOYA ARRIBA,R
20,8,2,LA PRESA O JUAN LÁZARO ARRIBA,R
21,8,2,LANZA,R
22,8,2,LEZCANO,R
23,8,2,LORELAY,R
24,8,2,LORENCITO,R
25,8,2,LUCÍA,R
26,8,2,LOS CARRIOLES,R
27,8,2,LOS PLANES,R
28,8,2,MIRAMAR,R
29,8,2,MONTE DE ORO,R
30,8,2,PARMAS,R
31,8,2,PUENTE ALTO,R
32,8,2,QUEBRADA DE ARENA,R
33,8,2,RÍO DE PIEDRA,R
34,8,2,SABANA DE LA PITA,R
35,8,2,SABANA DE UTILA,R
36,8,2,TOSCA,R
37,8,2,TRES LUCES,R
38,8,2,TROVADOR,R
39,8,2,UTILA,R
1,9,2,TOCOA,U
2,9,2,CAYO SIERRA,R
3,9,2,CUACA NUEVA O JARAL,R
4,9,2,CUACA VIEJA O CUACA ZONA,R
5,9,2,CHIRIPA,R
6,9,2,EL GUAPINOL,R
7,9,2,JUAN ANTONIO,R
8,9,2,LA ABISINIA,R
9,9,2,LA CEIBITA,R
10,9,2,LA CONCEPCIÓN,R
11,9,2,LAS MANGAS,R
12,9,2,LÉRIDA,R
13,9,2,PRIETA,R
14,9,2,QUEBRADA DE AGUA,R
15,9,2,QUEBRADA DE ARENA,R
16,9,2,SALAMÁ,R
17,9,2,TAUJICA,R
18,9,2,ZAMORA,R
1,10,2,BONITO ORIENTAL,U
2,10,2,COROCITO,R
3,10,2,EL ACHIOTE,R
4,10,2,EL ANTIGUAL,R
5,10,2,FEO,R
6,10,2,LA ESPERANZA,R
7,10,2,PLAYA DE GANADO,R
8,10,2,RÍO PIEDRA BLANCA,R
9,10,2,SAN JOSÉ DEL CINCO,R
10,10,2,VISTA HERMOSA O BRAVO,R
1,1,3,COMAYAGUA,U
2,1,3,AGUA SALADA,R
3,1,3,CACAHUAPA,R
4,1,3,CANTORAL,R
5,1,3,EL CIRUELO,R
6,1,3,EL GUACHIPILÍN,R
7,1,3,EL HORNO,R
8,1,3,EL PARAÍSO,R
9,1,3,EL PLAN DE LA ROSA,R
10,1,3,EL PORTILLO DE LA MORA,R
11,1,3,EL RESUMIDERO,R
12,1,3,EL SAUCE,R
13,1,3,EL SITIO,R
14,1,3,EL TALADRO,R
15,1,3,EL VOLCÁN,R
16,1,3,GUACAMAYA,R
17,1,3,LA COOPERATIVA,R
18,1,3,LA ESCALERA,R
19,1,3,LA FLOR AGUA SALADA,R
20,1,3,LA JAGÜITA,R
21,1,3,LA LAGUNA,R
22,1,3,LA PALMA,R
23,1,3,LA SAMPEDRANA,R
24,1,3,LAS ANONAS,R
25,1,3,LAS LICONAS,R
26,1,3,LAS MESAS,R
27,1,3,LOMAS DEL CORDERO,R
28,1,3,LOS PLANES,R
29,1,3,MOTAGUA DEL ROBLITO,R
30,1,3,NUEVA VALLADOLID DE CAPIRO,R
31,1,3,PALO PINTADO,R
32,1,3,PIEDRAS AZULES,R
33,1,3,PLANES DE CHURUNE,R
34,1,3,RÍO BLANCO O SAN JOSE,R
35,1,3,SAN ANTONIO DE CAÑAS,R
36,1,3,SAN ANTONIO DE LA LIBERTAD,R
37,1,3,SAN JOSÉ DE PANE,R
38,1,3,SAN MIGUEL DE SELGUAPA,R
39,1,3,VALLE DE ANGELES,R
40,1,3,VERACRUZ,R
1,2,3,AJUTERIQUE,U
2,2,3,EL MISTERIO,R
3,2,3,PLAYITAS,R
4,2,3,SAN ANTONIO DEL PLAYÓN,R
1,3,3,EL ROSARIO,U
2,3,3,AGUA DULCITA,R
3,3,3,CERRO BLANCO,R
4,3,3,CONCEPCIÓN DE GUASISTAGUA,R
5,3,3,EL BUEN PASTOR,R
6,3,3,LA LAGUNA,R
7,3,3,LAS HUERTAS,R
8,3,3,LOMAS VERDES,R
9,3,3,LOS LLANITOS O LEONCITO,R
10,3,3,SAN FRANCISCO DE LA CAMPA,R
11,3,3,SAN FRANCISCO DE LOMA LARGA,R
12,3,3,SAN ISIDRO,R
13,3,3,SAN JACINTO O CARBONERAS,R
1,4,3,ESQUÍAS,U
2,4,3,EL ORO ABAJO,R
3,4,3,EL PLAYÓN,R
4,4,3,NETAPA,R
5,4,3,PELADERITOS,R
6,4,3,RANCHO GRANDE,R
7,4,3,RÍO CHIQUITO,R
1,5,3,HUMUYA,U
2,5,3,EL JUNQUILLO,R
3,5,3,TRAVESÍA,R
1,6,3,LA LIBERTAD,U
2,6,3,CABECERAS,R
3,6,3,CANTÓN SAN ANTONIO,R
4,6,3,CUESTA DEL NEO,R
5,6,3,EL HIGUERÓN,R
6,6,3,EL OLVIDO,R
7,6,3,GOTERAS,R
8,6,3,LA PITA,R
9,6,3,LOMA ALTA,R
10,6,3,LOS ALFAROS,R
11,6,3,MONTAÑUELAS,R
12,6,3,PLAN DE ALEJANDRO,R
13,6,3,SAN ANDRÉS,R
14,6,3,SAN ANTONIO DE SAQUE,R
15,6,3,SAN JOSÉ,R
16,6,3,SANTA FE,R
17,6,3,TERRERITOS,R
18,6,3,VALLE BONITO,R
19,6,3,VALLE DE ANGELES,R
20,6,3,VALLECITOS,R
21,6,3,ZACATALITOS,R
1,7,3,LAMANÍ,U
2,7,3,GUACHIPILÍN,R
3,7,3,LAGUNETAS,R
4,7,3,LAS MESETAS,R
5,7,3,MULACAGUA,R
6,7,3,OJO DE AGUA,R
7,7,3,TABLAZÓN,R
8,7,3,VALLADOLID,R
1,8,3,LA TRINIDAD,U
2,8,3,EL CORDONCILLO,R
3,8,3,EL PEÑÓN,R
4,8,3,GUACAMAYA BARRIO ABAJO,R
5,8,3,LAS TIERRAS,R
6,8,3,LOS ANISES,R
7,8,3,TIERRA BLANCA,R
1,9,3,LEJAMANÍ,U
1,10,3,MEÁMBAR,U
2,10,3,AGUA CALIENTE,R
3,10,3,CHICHIPATE,R
4,10,3,EL AGUAJE,R
5,10,3,EL BUEN PASTOR,R
6,10,3,EL CIENEGAL NO. 1,R
7,10,3,EL PALMITAL,R
8,10,3,EL ZAPOTE,R
9,10,3,JICARITO,R
10,10,3,LA CONCEPCIÓN,R
11,10,3,LA JOYA,R
12,10,3,LA MESA,R
13,10,3,LA PIMIENTA,R
14,10,3,LAS LAJAS,R
15,10,3,LOS GLOBOS,R
16,10,3,SAN JOSE DE LOS PLANES,R
17,10,3,MATAPALO,R
18,10,3,MONTE DE DIOS,R
19,10,3,OJO DE AGUA,R
20,10,3,POTRERILLOS,R
21,10,3,PUEBLO NUEVO,R
22,10,3,SAN ANTONIO DE BUENOS AIRES,R
23,10,3,SAN ISIDRO,R
24,10,3,SANTA ANA,R
25,10,3,SANTA ELENA,R
1,11,3,MINAS DE ORO,U
2,11,3,AGUA BLANCA,R
3,11,3,EL SOCORRO,R
4,11,3,EL ZOMPOPERO,R
5,11,3,LA HOYA DE LA PUERTA,R
6,11,3,LAS HUERTAS,R
7,11,3,MINAS DE SAN ANTONIO,R
8,11,3,MONTECITOS,R
9,11,3,PIMIENTILLA,R
10,11,3,SAN ISIDRO DEL MAL PASO,R
11,11,3,SANTA CRUZ,R
1,12,3,OJOS DE AGUA,U
2,12,3,AGUA BLANCA,R
3,12,3,BUEN PASTOR,R
4,12,3,CAMPO DOS,R
5,12,3,CORRALITOS,R
6,12,3,EL HIELO,R
7,12,3,EL PACAYAL,R
8,12,3,EL PINABETOSO,R
9,12,3,EL ROBLEDAL,R
10,12,3,LA BALASTRERA O BUENOS AIRES,R
11,12,3,LA CANDELARIA,R
12,12,3,LA CAÑADA,R
13,12,3,LA PROVIDENCIA,R
14,12,3,LOS ANISES,R
15,12,3,LOS DOS RÍOS,R
16,12,3,LOS GUINEOS,R
17,12,3,PORTILLO GRANDE,R
18,12,3,SAN RAFAEL,R
1,13,3,SAN JERÓNIMO,U
2,13,3,BUENA VISTA,R
3,13,3,JARDINES,R
4,13,3,JACINTILLOS,R
5,13,3,JAMALTECA,R
6,13,3,LA CEIBITA,R
7,13,3,LA UNIÓN,R
8,13,3,LAS ARENAS,R
9,13,3,LA CRUCITA,R
10,13,3,LOS MANZANOS,R
11,13,3,LOS TALNETES,R
12,13,3,OCOTES CAÍDOS,R
13,13,3,PLAN DE LEONES,R
14,13,3,POTRERO SUCIO,R
15,13,3,SAN ANTONIO DE LA CUESTA,R
16,13,3,TALANGUITA,R
17,13,3,TERRERO DEL CEDRO,R
18,13,3,VALLECILLOS,R
1,14,3,SAN JOSÉ DE COMAYAGUA,U
2,14,3,EL CALICHITO,R
3,14,3,EL CHAPARRAL,R
4,14,3,EL PORVENIR,R
5,14,3,EL ZARZAL,R
6,14,3,HIGUERONES,R
7,14,3,LA LAGUNA SECA,R
8,14,3,LA PIMIENTA,R
9,14,3,LA PITA,R
10,14,3,LAS DELICIAS,R
11,14,3,LOS ANISES,R
12,14,3,LOS LLANOS DE SAN JOSÉ O SUNZA,R
13,14,3,PUERTA DEL POTRERO,R
1,15,3,SAN JOSÉ DEL POTRERO,U
2,15,3,EL CHORRO,R
3,15,3,MINAS DE PLATA,R
4,15,3,OJO DE AGUA O AGUA BLANCA,R
5,15,3,POTRERITOS,R
6,15,3,QUEZALAPA,R
7,15,3,TERRERITOS DE LOS COELLO,R
8,15,3,TERRERITOS DE LAS TRANCAS,R
1,16,3,SAN LUIS,U
2,16,3,EL TABLÓN,R
3,16,3,EL TULE,R
4,16,3,LAS MINITAS,R
5,16,3,LAS QUEBRADAS,R
6,16,3,LOMA PELADA,R
7,16,3,LOS ANISALES,R
8,16,3,LOS PUENTES,R
9,16,3,LOS TRES PALOS,R
10,16,3,LOS ZACATALES,R
11,16,3,EL PLAN GRANDE,R
12,16,3,QUEBRADA AMARILLA,R
13,16,3,TROJES,R
1,17,3,SAN SEBASTIÁN,U
2,17,3,EL OJO DE AGUA,R
3,17,3,LA PEÑITA,R
1,18,3,SIGUATEPEQUE,U
2,18,3,AGUA DULCE,R
3,18,3,AGUAS DEL PADRE,R
4,18,3,BUENA VISTA DE RÍO BONITO,R
5,18,3,CHORRERITAS,R
6,18,3,EL ACHIOTE,R
7,18,3,EL CAOBANÁL,R
8,18,3,EL PACAYAL,R
9,18,3,EL PITO,R
10,18,3,EL PORVENIR,R
11,18,3,EL POTRERÓN,R
12,18,3,EL RINCÓN,R
13,18,3,EL SAUCE,R
14,18,3,EL SOCORRO,R
15,18,3,EL ZAPOTE,R
16,18,3,GUARAJAO NUEVO,R
17,18,3,GUARAJAO VIEJO NO.1,R
18,18,3,LA CRUCITA,R
19,18,3,LA UNIÓN DEL SUTE,R
20,18,3,OJO DE AGUA,R
21,18,3,POTRERILLOS,R
22,18,3,RÍO BONITO,R
23,18,3,SAN ANTONIO DE LA CUCHILLA,R
24,18,3,SAN IGNACIO,R
25,18,3,SAN JOSÉ DE LA CUESTA,R
26,18,3,SAN JOSÉ DE LOS CHAGÜITES,R
27,18,3,SANTA CRUZ DEL DULCE,R
28,18,3,SANTA ROSITA,R
29,18,3,TAUPAZ,R
1,19,3,VILLA DE SAN ANTONIO,U
2,19,3,FLORES,R
3,19,3,LAS BOTIJAS,R
4,19,3,LOS CIMIENTOS,R
5,19,3,POTRERO GRANDE O QUEBRADA HOND,R
6,19,3,PROTECCIÓN,R
1,20,3,LAS LAJAS,U
2,20,3,BUEN PASTOR,R
3,20,3,DULCE NOMBRE,R
4,20,3,LA DALIA,R
5,20,3,LAS PIÑAS,R
6,20,3,NUEVA CONCEPCIÓN,R
7,20,3,SAN MANUEL DE LA PARRA,R
8,20,3,SANTA ROSA,R
9,20,3,VALLE SUCIO,R
10,20,3,LA PROVIDENCIA,R
1,21,3,TAULABÉ,U
2,21,3,BUENA VISTA DE VARSOVIA,R
3,21,3,BUENOS AIRES,R
4,21,3,CAMALOTALES,R
5,21,3,CERRO AZUL NO.1,R
6,21,3,CHOLOMA,R
7,21,3,EL CARRIZAL,R
8,21,3,EL CERRÓN,R
9,21,3,EL PALMICHAL O LA FÁTIMA,R
10,21,3,JAITIQUE,R
11,21,3,JARDINES,R
12,21,3,LA ANGOSTURA,R
13,21,3,LA MISIÓN,R
14,21,3,LA UNIÓN DE SAN ANTONIO,R
15,21,3,LAS ALEJANDRAS,R
16,21,3,LAS CONCHAS,R
17,21,3,LAS LAJAS,R
18,21,3,MONTAÑUELAS,R
19,21,3,OCOMÁN,R
20,21,3,QUEBRADITAS,R
21,21,3,SAN ANTONIO DE YURE,R
22,21,3,TERRERO BLANCO,R
23,21,3,VACADILLA,R
24,21,3,VARSOVIA,R
1,1,4,SANTA ROSA DE COPÁN,U
2,1,4,CALZONTES,R
3,1,4,CONAL TRINCHERAS,R
4,1,4,EL CALLEJÓN,R
5,1,4,EL CARRIZAL,R
6,1,4,EL CONAL,R
7,1,4,EL CORRALITO,R
8,1,4,EL DERRUMBO,R
9,1,4,EL PERICONAL,R
10,1,4,EL PINALITO,R
11,1,4,EL RODEO,R
12,1,4,EL ROSARIO,R
13,1,4,EL SALITRILLO,R
14,1,4,EL ZAPOTE,R
15,1,4,INCHUMA,R
16,1,4,LAS DELICIAS O LAS PILAS,R
17,1,4,LAS SANDÍAS,R
18,1,4,OROMILACA,R
19,1,4,POTRERILLOS,R
20,1,4,QUEZAILICA,R
21,1,4,YARUSHIN,R
1,2,4,CABAÑAS,U
2,2,4,BARBASQUEADERO,R
3,2,4,DESCOMBROS,R
4,2,4,EL GUAYABO,R
5,2,4,EL LLANO,R
6,2,4,GUARUMAL,R
7,2,4,INGENIOS,R
8,2,4,LA CUMBRE DE SAN JUAN,R
9,2,4,LA UNIÓN DE SAN JUAN,R
10,2,4,LAS JUNTAS NO.1,R
11,2,4,LAS PEÑAS NO.2,R
12,2,4,LOMAS DE LA ESPERANZA,R
13,2,4,SAN ANTONIO DE MIRAMAR,R
14,2,4,MIRASOLITO DE LA ESPERANZA,R
15,2,4,MIRASOLITO DE RÍO NEGRO,R
16,2,4,MOTAGUA,R
17,2,4,PINALITO,R
18,2,4,PLATANARES,R
19,2,4,PUEBLO VIEJO,R
20,2,4,RÍO NEGRO,R
21,2,4,SAN JOSÉ DE MIRAMAR,R
22,2,4,NUEVA ESPERANZA,R
1,3,4,CONCEPCIÓN,U
2,3,4,ALDEA NUEVA,R
3,3,4,BAÑADEROS,R
4,3,4,BARBASCALES,R
5,3,4,CANDELARIA,R
6,3,4,LAS DELICIAS,R
7,3,4,LAS PAVAS,R
8,3,4,PIEDRAS COLORADAS,R
9,3,4,PLAN GRANDE,R
10,3,4,SAN JOSÉ DE LAS QUEBRADITAS,R
11,3,4,SAN JUAN,R
12,3,4,VERTIENTES,R
1,4,4,COPÁN RUINAS,U
2,4,4,AGUA BUENA ARRIBA,R
3,4,4,AGUA CALIENTE,R
4,4,4,BARBASQUEADERO,R
5,4,4,BOCA DEL MONTE,R
6,4,4,BUENA VISTA,R
7,4,4,BUENOS AIRES,R
8,4,4,CARRIZALÓN,R
9,4,4,CEIBA PRIMERA,R
10,4,4,CEIBA SEGUNDA,R
11,4,4,COLÓN JUBUCO,R
12,4,4,CORRALITO,R
13,4,4,EL CISNE,R
14,4,4,EL CORDONCILLO,R
15,4,4,EL CHICAL,R
16,4,4,EL CHILAR O AGUA ZARCA,R
17,4,4,EL CHISPAL,R
18,4,4,EL ENCINO,R
19,4,4,EL HORNO,R
20,4,4,EL OCOTE,R
21,4,4,EL PORVENIR PRIMERO,R
22,4,4,EL PORVENIR SEGUNDO,R
23,4,4,EL QUEBRACHO,R
24,4,4,EL SALITRÓN,R
25,4,4,EL TESORITO,R
26,4,4,EL TRIUNFO,R
27,4,4,HACIENDA GRANDE,R
28,4,4,JUBUCÓN,R
29,4,4,LA ESPERANZA,R
30,4,4,LA ESTANZUELA,R
31,4,4,LA LAGUNA,R
32,4,4,LAS DELICIAS,R
33,4,4,LAS FLORES,R
34,4,4,LOS ARCOS,R
35,4,4,LLANETILLOS,R
36,4,4,MONTE DE LOS NEGROS,R
37,4,4,MONTECRISTO,R
38,4,4,NUEVA ARMENIA,R
39,4,4,OSTUMÁN,R
40,4,4,SAN ANTONIO TAPESCO,R
41,4,4,SAN CRISTÓBAL,R
42,4,4,SAN FRANCISCO,R
43,4,4,SAN ISIDRO,R
44,4,4,SAN RAFAEL,R
45,4,4,SANTA CRUZ DE VIRGINIA,R
46,4,4,SANTA ROSITA,R
47,4,4,SESESMIL PRIMERO,R
48,4,4,SESESMIL SEGUNDO,R
49,4,4,UNIÓN CEDRAL,R
50,4,4,VIRGINIA NO.1,R
1,5,4,CORQUÍN,U
2,5,4,AGUA CALIENTE,R
3,5,4,BOCA DEL MONTE,R
4,5,4,CAPUCAS,R
5,5,4,EL CARRIZAL,R
6,5,4,GUALME,R
7,5,4,JIMILILE,R
8,5,4,LAS CASITAS,R
9,5,4,POTRERILLOS,R
1,6,4,CUCUYAGUA,U
2,6,4,CARTAGUA,R
3,6,4,EL NÍSPERO,R
4,6,4,EL PORTILLO,R
5,6,4,EL TRÁNSITO,R
6,6,4,GUALTAYA,R
7,6,4,OJOS DE AGUA,R
8,6,4,SAN JOSÉ DE LAS PALMAS,R
1,7,4,DOLORES,U
2,7,4,AGUA BUENA,R
3,7,4,EL BÁLSAMO O LA CANTEADA,R
4,7,4,EL CAMALOTE,R
5,7,4,JOYAS GALANAS,R
6,7,4,PASQUINGUAL,R
7,7,4,PLAN DEL NARANJO,R
8,7,4,SAN ANTONIO,R
9,7,4,VEGA REDONDA O SAN ANTONIO DE FLORES,R
10,7,4,YARUCONTE,R
1,8,4,DULCE NOMBRE,U
2,8,4,AGUA BUENA,R
3,8,4,EL LIMÓN,R
4,8,4,EL PRADO DE LA CRUZ,R
5,8,4,EL ZAPOTE,R
6,8,4,LAS CALERAS O EL HORNO,R
7,8,4,SAN JERÓNIMO,R
1,9,4,EL PARAÍSO,U
2,9,4,AGUA BUENA,R
3,9,4,BUENA VISTA,R
4,9,4,EL CHARCÓN,R
5,9,4,EL INFIERNILLO O NUEVO TRIUNFO,R
6,9,4,EL LIMÓN,R
7,9,4,EL MANACAL,R
8,9,4,EL MANGUITO,R
9,9,4,EL TESORO,R
10,9,4,LA CUMBRE,R
11,9,4,LA LAGUNA,R
12,9,4,LA PEÑA,R
13,9,4,LA PIMIENTA,R
14,9,4,LA PLAYONA,R
15,9,4,LAS DELICIAS DEL CHISPAL,R
16,9,4,LAS FLORES,R
17,9,4,LAS JUNTAS,R
18,9,4,LAS ORQUÍDEAS O EL ASTILLERO,R
19,9,4,LIBERTAD NUEVA,R
20,9,4,LIBERTAD VIEJA,R
21,9,4,NARANJITO,R
22,9,4,RÍO LINDO,R
23,9,4,SAN ANTONIO DE LAS CRUCITAS,R
24,9,4,SAN CRISTÓBAL,R
25,9,4,SAN MARCOS,R
26,9,4,SANTA CRUZ,R
27,9,4,SANTA LUCÍA,R
1,10,4,FLORIDA,U
2,10,4,ARRANCA BARBA,R
3,10,4,BARRANCA GRITA,R
4,10,4,BUENA VISTA,R
5,10,4,BUENOS AIRES,R
6,10,4,CONCEPCIÓN DE LA BARRANCA,R
7,10,4,EL DORMITORIO NO.2,R
8,10,4,EL ESPÍRITU SANTO,R
9,10,4,EL JARDÍN,R
10,10,4,EL NUEVO PORVENIR,R
11,10,4,EL PORVENIR O SAN MARCOS,R
12,10,4,EL ROSARIO O ZOMPOPERO,R
13,10,4,GRITADEROS,R
14,10,4,LA CUMBRE DE LAS FLORES,R
15,10,4,LA ELENCIA,R
16,10,4,LA ELENCITA,R
17,10,4,LA LAGUNA DE SAN JOSÉ,R
18,10,4,LA RUIDOSA,R
19,10,4,LA SIERRA,R
20,10,4,LA UNIÓN,R
21,10,4,LAS CAÑAS,R
22,10,4,LAS FLORES DE TECHÍN,R
23,10,4,LAS PALMERAS DE LA PLANADA,R
24,10,4,LOS DUBONES,R
25,10,4,LOS LESQUINES,R
26,10,4,PASTOREADERO,R
27,10,4,PLANCITOS O BERLÍN,R
28,10,4,POTRERILLOS,R
29,10,4,PUEBLO NUEVO,R
30,10,4,RASTROJITOS,R
31,10,4,SAN ANTONIO,R
32,10,4,SAN JOSÉ DE LA FRONTERA,R
33,10,4,SAN LORENZO DE TECHÍN,R
34,10,4,SAN RAFAEL,R
35,10,4,SIETE CUCHILLAS,R
36,10,4,NUEVA SUYAPA,R
37,10,4,LA CUMBRE DE LAS FLORES # 2 O,R
1,11,4,LA JIGUA,U
2,11,4,ALDEA NUEVA,R
3,11,4,CHEPELARES,R
4,11,4,EL CAMPANARIO,R
5,11,4,EL PUENTE GOASCORÁN,R
6,11,4,EL RINCÓN O SAN FRANCISCO,R
7,11,4,LA COLMENA,R
8,11,4,LA CUCHILLA DE PLATANARES,R
9,11,4,LA NUEVA UNIÓN,R
10,11,4,PIEDRA PINTADA,R
11,11,4,VALLE DE MAGDALENA O LA LAGUNA,R
1,12,4,LA UNIÓN,U
2,12,4,AZACUALPA,R
3,12,4,EL CORPUS,R
4,12,4,EL JUNCO,R
5,12,4,EL TRIGO,R
6,12,4,LA ARENA,R
7,12,4,LAS MINAS DE SAN ANDRÉS,R
8,12,4,SAN MIGUEL,R
9,12,4,SANTA CRUZ,R
1,13,4,LA ENTRADA,U
2,13,4,AGUA BUENA,R
3,13,4,BUENOS AIRES,R
4,13,4,CHALMECA,R
5,13,4,JIMERICO O PIEDRA PARADA,R
6,13,4,LA CUCHILLA,R
7,13,4,LA UNIÓN,R
8,13,4,LOS POZOS,R
9,13,4,LOS TANGOS,R
10,13,4,NUEVA ARCADIA,R
11,13,4,QUEBRADA SECA,R
12,13,4,SAN ISIDRO,R
13,13,4,SAN PABLO DEL ROBLE,R
1,14,4,SAN AGUSTÍN,U
2,14,4,CERRO NEGRO,R
3,14,4,EL DESCOMBRO,R
4,14,4,GRANADILLAL,R
1,15,4,SAN ANTONIO,U
2,15,4,CONCEPCIÓN,R
3,15,4,EL OCOTÓN O VILLA NUEVA,R
4,15,4,LA REINA,R
5,15,4,LA ZUMBADORA,R
6,15,4,LOMA ANCHA,R
7,15,4,PEÑA BLANCA,R
8,15,4,PUEBLO NUEVO,R
9,15,4,QUEBRADA GRANDE,R
10,15,4,QUEBRADA HONDA,R
11,15,4,SAN JOAQUÍN,R
12,15,4,SAN LUIS,R
13,15,4,SAN RAIMUNDO,R
14,15,4,TIERRA COLORADA,R
1,16,4,SAN JERÓNIMO,U
2,16,4,AGUA ZARCA,R
3,16,4,EL ROSARIO,R
4,16,4,EL TRÁNSITO,R
5,16,4,EL VOLCÁN,R
6,16,4,LA ESPERANZA,R
7,16,4,SANTA ELENA,R
8,16,4,TIERRA BLANCA,R
1,17,4,SAN JOSÉ,U
2,17,4,BUENA VISTA,R
3,17,4,EL PORVENIR,R
4,17,4,LAS DELICIAS,R
5,17,4,PLAN DE SAN JERÓNIMO,R
6,17,4,VIVISTORIO,R
1,18,4,SAN JUAN DE OPOA,U
2,18,4,LA COLATINA,R
3,18,4,EL CONTAMAL,R
4,18,4,EL COYOLAR,R
5,18,4,EL LIMÓN,R
6,18,4,EL PINAL,R
7,18,4,EL PORTILLO,R
8,18,4,LA CEBRATANA,R
9,18,4,LA LAGUNA NEGRA,R
10,18,4,LA MAJADA,R
11,18,4,LAS SANDÍAS,R
12,18,4,LOS LINDEROS,R
13,18,4,LOS POZOS,R
14,18,4,SANTA ELENA,R
15,18,4,TORIHUAQUE,R
1,19,4,SAN NICOLÁS,U
2,19,4,BUENA VISTA O EL TABLÓN,R
3,19,4,EL ACHIOTAL,R
4,19,4,EL MODELO,R
5,19,4,EL PORVENIR,R
6,19,4,LA PUERTA,R
7,19,4,NUEVA CONCEPCIÓN DEL CARMEN,R
1,20,4,SAN PEDRO,U
2,20,4,CARTAGUA,R
3,20,4,EL ZAPOTE,R
4,20,4,LAS CAPUCAS,R
5,20,4,SAN FCO. O EL EJIDO,R
6,20,4,YAUNERA,R
1,21,4,SANTA RITA,U
2,21,4,AGUA CALIENTE,R
3,21,4,BUENA VISTA,R
4,21,4,CAMPAMENTO,R
5,21,4,EL GOBIADO,R
6,21,4,EL JARAL,R
7,21,4,EL MIRADOR,R
8,21,4,EL PLANÓN,R
9,21,4,EL RAIZAL,R
10,21,4,EL ROSARIO,R
11,21,4,EL TAMARINDO,R
12,21,4,GOTAS DE SANGRE,R
13,21,4,LA CANTEADA,R
14,21,4,LA CASITA,R
15,21,4,LA LIBERTAD,R
16,21,4,LA REFORMA,R
17,21,4,LA UNIÓN OTUTA,R
18,21,4,LAS MEDIAS,R
19,21,4,LAS MESAS,R
20,21,4,LOS ACHIOTES,R
21,21,4,LOS PLANES DE LA BREA,R
22,21,4,LOS RANCHOS,R
23,21,4,MINAS DE PIEDRAS,R
24,21,4,MIRASOL,R
25,21,4,PLAN GRANDE,R
26,21,4,RASTROJITOS,R
27,21,4,RÍO AMARILLO,R
28,21,4,RÍO BLANCO,R
29,21,4,SAN JERÓNIMO,R
30,21,4,TIERRA FRÍA NO.1,R
31,21,4,TIERRA FRÍA NO.2,R
32,21,4,VARA DE COHETE,R
1,22,4,TRINIDAD DE COPÁN,U
2,22,4,CERRO AZUL,R
3,22,4,LA CUMBRE,R
4,22,4,LEPAERITA,R
5,22,4,QUEBRADITAS,R
6,22,4,SAN JUAN DE PLANES,R
1,23,4,VERACRUZ,U
2,23,4,AGUA CALIENTE,R
3,23,4,EL TRIUNFO,R
4,23,4,SAN ANTONIO,R
1,1,5,SAN PEDRO SULA,U
2,1,5,ARTEMISALES,R
3,1,5,BAÑADEROS O GUADALUPE,R
4,1,5,BERLÍN,R
5,1,5,BUENA VISTA,R
6,1,5,BUENOS AIRES DE BAÑADEROS,R
7,1,5,CAMPO LA MESA,R
8,1,5,COFRADÍA,R
9,1,5,COPÉN,R
10,1,5,CORRIENTES,R
11,1,5,CHOTEPE,R
12,1,5,EL CORBANO,R
13,1,5,EL GALLITO O LAGUNA DE TEMBLADEROS,R
14,1,5,EL PALMAR,R
15,1,5,EL ZAPOTAL SUR,R
16,1,5,FLOR DEL VALLE,R
17,1,5,LA CEIBITA,R
18,1,5,LA CUMBRE,R
19,1,5,LA FORTUNA,R
20,1,5,LA NEBLINA DE MIRAMAR,R
21,1,5,LA PITA,R
22,1,5,LA UNIÓN DE RÍO FRÍO,R
23,1,5,LA VIRTUD,R
24,1,5,LAGUNA DE BAÑADEROS,R
25,1,5,LAS BRISAS DEL MERENDÓN,R
26,1,5,LAS DELICIAS,R
27,1,5,LAS FLORES DE RÍO FRÍO,R
28,1,5,LAS JUNTAS DE BAÑADEROS,R
29,1,5,MAYÉN,R
30,1,5,NACO,R
31,1,5,NUEVO EDÉN,R
32,1,5,PEÑITAS ABAJO,R
33,1,5,PEÑITAS ARRIBA,R
34,1,5,PERÚ,R
35,1,5,SABANA DE JUCUTUMA,R
36,1,5,SAN ANTONIO DE LAS PALMAS,R
37,1,5,SAN ANTONIO DEL PERÚ O EL CARM,R
38,1,5,SAN CRISTÓBAL,R
39,1,5,SAN JOSÉ DE CORTÉS,R
40,1,5,SAN JOSÉ DEL BOQUERÓN,R
41,1,5,SAN JOSÉ DE MANCHAGUALA,R
42,1,5,SAN LORENZO,R
43,1,5,SAN MARTÍN,R
44,1,5,SANTA ANA,R
45,1,5,SANTA ELENA,R
46,1,5,SANTA LUCÍA,R
47,1,5,SANTA MARGARITA O GUANALES,R
48,1,5,SANTA MARTA,R
49,1,5,SANTA TERESA DE BAÑADEROS,R
50,1,5,TOMALÁ,R
51,1,5,ZAPOTAL DEL NORTE,R
52,1,5,ARMENTA,R
53,1,5,EL RETIRO,R
1,2,5,CHOLOMA,U
2,2,5,BANDERAS,R
3,2,5,BUENOS AIRES DE CALIFORNIA,R
4,2,5,EL BARREAL NO.1,R
5,2,5,EL CHORRERÓN,R
6,2,5,EL GUANACASTE,R
7,2,5,EL HIGUERO,R
8,2,5,EL OCOTILLO OCCIDENTAL,R
9,2,5,EL PLANCHÓN DE LUPO VIEJO,R
10,2,5,EL PORTILLO NO.1,R
11,2,5,EL RANCHO,R
12,2,5,EL TAMARINDO,R
13,2,5,FINCA TIBOMBO,R
14,2,5,LA BUESO,R
15,2,5,LA CEIBITA,R
16,2,5,LA DANTA NO.1,R
17,2,5,LA DAVIS,R
18,2,5,LA FUNEZ,R
19,2,5,LA GÁLVEZ,R
20,2,5,LA HICACA O SAN ISIDRO,R
21,2,5,LA JUTOSA,R
22,2,5,LA LECHUGA NO.1,R
23,2,5,LA PROTECCIÓN,R
24,2,5,LAS DELICIAS,R
25,2,5,LAS FLORES,R
26,2,5,LOS CARAOS,R
27,2,5,LOS PLANES,R
28,2,5,MONTAÑUELA,R
29,2,5,MONTERREY,R
30,2,5,NUEVA FLORIDA,R
31,2,5,POZA DEL RIEL,R
32,2,5,QUEBRADA SECA,R
33,2,5,RÍO BIJAO,R
34,2,5,RÍO BLANQUITO,R
35,2,5,SAN JOSÉ DE LOS LAURELES,R
36,2,5,SAN MARCOS DE MAJAINE,R
37,2,5,SANTA MARTA,R
38,2,5,TICAMAYA,R
39,2,5,VICTORIA DE CRISTALES,R
40,2,5,WALER ADENTRO,R
41,2,5,WALER BORDO,R
1,3,5,OMOA,U
2,3,5,BARBAS CHELES,R
3,3,5,BARRA DE CUYAMEL,R
4,3,5,BARRA DEL MOTAGUA,R
5,3,5,CORINTO,R
6,3,5,CORTESITO,R
7,3,5,CUYAMEL,R
8,3,5,CUYAMELITO,R
9,3,5,CHACHAGUALA O COL. TEGUCIGALPITA,R
10,3,5,CHIVANA,R
11,3,5,EL PARAÍSO,R
12,3,5,LA CAMISA,R
13,3,5,LOS LAURELES,R
14,3,5,MASCA,R
15,3,5,MILLA CUATRO,R
16,3,5,MILLA TRES,R
17,3,5,MUCHILENA,R
18,3,5,NUEVO TULIÁN,R
19,3,5,POTRERILLOS,R
20,3,5,PUEBLO NUEVO,R
21,3,5,RÍO COTO,R
22,3,5,RÍO CHIQUITO,R
23,3,5,SAN CARLOS,R
24,3,5,SAN JOSÉ DE JALISCO,R
25,3,5,SUYAPA O GARCÍA,R
26,3,5,TULIÁN CAMPO,R
27,3,5,TEGUCIGALPITA,R
28,3,5,VERACRUZ,R
1,4,5,PIMIENTA,U
2,4,5,SANTIAGO,R
1,5,5,POTRERILLOS,U
2,5,5,BEJUCO,R
3,5,5,BLANCO CASERÍO,R
4,5,5,EL CARACOL,R
5,5,5,EL MANACAL,R
6,5,5,HIGUERITO CENTRAL,R
7,5,5,LA GARROBA,R
8,5,5,SAN MIGUEL,R
1,6,5,PUERTO CORTÉS,U
2,6,5,AGUA CALIENTE,R
3,6,5,BAJAMAR,R
4,6,5,BARACOA,R
5,6,5,BARRA DE CHAMELECÓN,R
6,6,5,BULICHAMPA,R
7,6,5,CALÁN,R
8,6,5,CEDROS,R
9,6,5,COLONIA GRACIAS A DIOS,R
10,6,5,CONCORDIA,R
11,6,5,CHAMELECONCITO,R
12,6,5,EL BÁLSAMO,R
13,6,5,EL BUN,R
14,6,5,EL CHILE,R
15,6,5,EL NÍSPERO,R
16,6,5,EL SEIS,R
17,6,5,GUANACASTALES,R
18,6,5,KELE KELE,R
19,6,5,LA CAMPANA,R
20,6,5,LA CAOBA,R
21,6,5,LA JUNTA,R
22,6,5,LA PITA,R
23,6,5,LA SABANA,R
24,6,5,LAS DELICIAS,R
25,6,5,MANACALITO,R
26,6,5,MEDINA ABAJO,R
27,6,5,NISPERALES,R
28,6,5,NOLA,R
29,6,5,PALETO,R
30,6,5,PUENTE ALTO,R
31,6,5,PUENTE BARACOA,R
32,6,5,RÍO ARRIBA,R
33,6,5,ROBLES,R
34,6,5,SANTA INÉS,R
35,6,5,SARAGUAYNA,R
36,6,5,SAUCE,R
37,6,5,TICAMAYA,R
38,6,5,TRAVESÍA,R
1,7,5,SAN ANTONIO DE CORTÉS,U
2,7,5,BUENOS AIRES,R
3,7,5,EL AGUACATE,R
4,7,5,EL ENCANTO,R
5,7,5,EL PICACHO,R
6,7,5,EL SITIO,R
7,7,5,LA CALERA O BUENA VISTA,R
8,7,5,LA CEIBITA,R
9,7,5,LA CHACHONA O EL PARAÍSO,R
10,7,5,LA MASICA,R
11,7,5,LA PROVIDENCIA,R
12,7,5,LAS CASITAS,R
13,7,5,LAS COLMENAS,R
14,7,5,LAS CRUCITAS,R
15,7,5,LAS MARGARITAS,R
16,7,5,LAS PALOMAS,R
17,7,5,LOMA LARGA,R
18,7,5,NUEVA GRANADA,R
19,7,5,QUEBRADA SECA,R
20,7,5,SAN JOSÉ DE CORTÉS O CORDONCILLOS,R
21,7,5,SAN LUIS,R
22,7,5,SANTA RITA,R
23,7,5,VALLECITO,R
1,8,5,SAN FRANCISCO DE YOJOA,U
2,8,5,CAÑAVERAL,R
3,8,5,LA VIRTUD,R
4,8,5,SAN JOSE DE LOS HULES,R
5,8,5,PEDERNALES,R
6,8,5,QUEBRADA DE AGUA,R
7,8,5,RÍO LINDO,R
8,8,5,SAN BUENAVENTURA,R
9,8,5,TAPIQUILARES,R
1,9,5,SAN MANUEL,U
2,9,5,CAMPO CASENAVE,R
3,9,5,COL. LA DEMOCRACIA,R
4,9,5,COL. LA GUADALUPE,R
5,9,5,COL. PINEDA NO.1,R
6,9,5,COOWLE,R
7,9,5,EL PLAN,R
8,9,5,EL PORVENIR,R
9,9,5,LA LIBERTAD O LAS LOMAS,R
10,9,5,LA SABANA,R
11,9,5,OMONITA,R
1,10,5,SANTA CRUZ DE YOJOA,U
2,10,5,ACHIOTAL,R
3,10,5,AGUA AZUL RANCHO,R
4,10,5,AGUA AZUL SIERRA,R
5,10,5,BUENA VISTA,R
6,10,5,CAMPO LLANO,R
7,10,5,CAMPO OLIVO,R
8,10,5,CASAS VIEJAS,R
9,10,5,CONCEPCIÓN,R
10,10,5,CORDONCILLO,R
11,10,5,EL CACAO,R
12,10,5,EL CHAGÜITÓN,R
13,10,5,EL EDÉN,R
14,10,5,EL JARAL,R
15,10,5,EL LLANO,R
16,10,5,EL OLIVAR,R
17,10,5,EL PLAN GRANDE,R
18,10,5,EL TIGRE,R
19,10,5,EL ZAPOTE,R
20,10,5,LA BARCA,R
21,10,5,LA CEIBITA,R
22,10,5,LA DANTA,R
23,10,5,LA ESTRIBANA,R
24,10,5,LA GUAMA,R
25,10,5,LA JUTOSA,R
26,10,5,LA LAGUNA,R
27,10,5,LA QUESERA O EL PARAÍSO,R
28,10,5,LAS CAÑAS,R
29,10,5,LAS DELICIAS,R
30,10,5,LAS MARÍAS,R
31,10,5,LOS CAMINOS,R
32,10,5,LOS MANGOS,R
33,10,5,LOS NARANJOS,R
34,10,5,MONTAÑA DE LA REINA,R
35,10,5,MONTE VERDE,R
36,10,5,NUEVA ESPERANZA,R
37,10,5,OROPÉNDOLAS,R
38,10,5,PEÑA BLANCA,R
39,10,5,PINOLAPA,R
40,10,5,PUEBLO QUEMADO,R
41,10,5,SAN ANTONIO,R
42,10,5,SAN ISIDRO,R
43,10,5,SAN JOSÉ DE BALINCITO,R
44,10,5,SAN LUIS DE ZACATALES,R
45,10,5,SANTA ELENA,R
46,10,5,TERRERITOS DE LA LIBERTAD,R
47,10,5,VICTORIA,R
48,10,5,YOJOA,R
1,11,5,VILLANUEVA,U
2,11,5,BUENOS AIRES,R
3,11,5,CALÁN,R
4,11,5,CAMPO DOS CAMINOS,R
5,11,5,EL CUÁBANO,R
6,11,5,EL MARAÑÓN,R
7,11,5,EL MILAGRO,R
8,11,5,EL SAUCE,R
9,11,5,GUARUMA DOS,R
10,11,5,LA BOLSA,R
11,11,5,LA CEBADILLA,R
12,11,5,LA COROZA,R
13,11,5,LA ESPERANZA O EL VENADO,R
14,11,5,LAS CAÑADAS,R
15,11,5,NUEVO CHAMELECÓN,R
16,11,5,PALOS BLANCOS,R
17,11,5,PUEBLO NUEVO,R
18,11,5,SAN FRANCISCO O EL COYOLAR,R
19,11,5,SAN ISIDRO,R
20,11,5,SANTA ANA DE CHASNIGUA,R
1,12,5,LA LIMA,U
2,12,5,CRUZ DE VALENCIA,R
3,12,5,EL PARAÍSO,R
4,12,5,FLOR DE ORIENTE,R
1,1,6,CHOLUTECA,U
2,1,6,AGUA CALIENTE DE LINACA,R
3,1,6,COPAL ABAJO,R
4,1,6,COPAL ARRIBA,R
5,1,6,EL APINTAL,R
6,1,6,EL CARRIZO,R
7,1,6,EL PALENQUE,R
8,1,6,EL PILLADO,R
9,1,6,EL TERRERO BLANCO,R
10,1,6,EL TRAPICHE,R
11,1,6,FRAY LÁZARO,R
12,1,6,HATO NUEVO,R
13,1,6,LA CASTAÑA O SANTA CRUZ DE YA,R
14,1,6,LA PICOTA,R
15,1,6,LINACA,R
16,1,6,MADRIAL,R
17,1,6,PAVANA,R
18,1,6,SAN JOSÉ DE LA LANDA,R
19,1,6,SAN MARTÍN,R
20,1,6,SAN RAFAEL,R
21,1,6,SAN RAMÓN ABAJO,R
22,1,6,SAN RAMÓN ARRIBA,R
23,1,6,SANTA ROSA DE SAMPILE,R
24,1,6,TAPAIRE,R
25,1,6,TAPATOCA,R
1,2,6,APACILAGUA,U
2,2,6,LA ALBARRADA,R
3,2,6,LA GARZA,R
4,2,6,LOS LIMONES,R
5,2,6,LOS MEZCALES,R
6,2,6,MONTE GRANDE,R
7,2,6,SAN FELIPE,R
8,2,6,SOMUINA,R
1,3,6,CONCEPCIÓN DE MARÍA,U
2,3,6,CERRO COLORADO,R
3,3,6,EL AGUACATAL,R
4,3,6,EL CACAO,R
5,3,6,EL CERRÓN,R
6,3,6,EL JICARITO,R
7,3,6,EL PACÓN,R
8,3,6,EL PALITO,R
9,3,6,EL PAPALÓN,R
10,3,6,EL PEÑÓN,R
11,3,6,EL POTRERITO,R
12,3,6,EL SUNZAPOTE,R
13,3,6,EL TEJAR,R
14,3,6,EL TERRERO,R
15,3,6,GUANACASTE,R
16,3,6,LA GUARUMA,R
17,3,6,LA JOYA,R
18,3,6,LA MAJADA,R
19,3,6,LA MONTAÑA,R
20,3,6,LA PABELLONA,R
21,3,6,LA PLOMOSA NO.2,R
22,3,6,LA VETA,R
23,3,6,LAS CHAPERNAS,R
24,3,6,LAS MESAS,R
25,3,6,LAS PINTADAS,R
26,3,6,LOS ESPAVELES,R
27,3,6,LOS LLANITOS,R
28,3,6,LOS MATAPALOS,R
29,3,6,NANCE DULCE,R
30,3,6,PALO SOLO NO.1,R
31,3,6,SANTA ROSA,R
32,3,6,SAN BENITO NUEVO,R
33,3,6,SAN BENITO VIEJO O ABAJO,R
1,4,6,DUYURE,U
2,4,6,ARADO GRANDE,R
3,4,6,EL CARRIZAL PRIETO,R
4,4,6,EL HORNO,R
5,4,6,LIRAQUI,R
6,4,6,TIERRA COLORADA,R
1,5,6,EL CORPUS,U
2,5,6,AGUA FRÍA,R
3,5,6,CALAIRE,R
4,5,6,CAYANINI,R
5,5,6,EL BALDOQUÍN,R
6,5,6,EL BANQUITO,R
7,5,6,EL DESPOBLADO,R
8,5,6,EL NARANJAL,R
9,5,6,EL PEDREGAL,R
10,5,6,EL ZAPOTAL,R
11,5,6,LA ALBARRADA,R
12,5,6,LA FORTUNA,R
13,5,6,LA GALERA,R
14,5,6,SAN ISIDRO,R
15,5,6,SAN JUAN ABAJO,R
16,5,6,SAN JUAN ARRIBA,R
17,5,6,SAN JUDAS,R
1,6,6,EL TRIUNFO,U
2,6,6,AZACUALPA,R
3,6,6,EL CEDRITO,R
4,6,6,EL PERICO,R
5,6,6,LA CALERA,R
6,6,6,LAS HACIENDAS,R
7,6,6,NANCE DULCE,R
8,6,6,RÍO GRANDE NO.2,R
9,6,6,SAN JUAN,R
10,6,6,SANTA MARÍA,R
11,6,6,SANTA TERESA ARRIBA,R
1,7,6,MARCOVIA,U
2,7,6,CEDEÑO,R
3,7,6,COLONIA BUENA VISTA,R
4,7,6,EL BOTADERO,R
5,7,6,EL OBRAJE,R
6,7,6,EL PAPALÓN,R
7,7,6,GUAPINOL,R
8,7,6,LA GERVACIA,R
9,7,6,LA JOYADA,R
10,7,6,LAS ARENAS,R
11,7,6,LAS POZAS,R
12,7,6,LOS LLANITOS,R
13,7,6,LOS MANGLES,R
14,7,6,MONJARÁS,R
15,7,6,PIEDRA DE AGUA,R
16,7,6,PUEBLO NUEVO,R
17,7,6,PUNTA RATÓN,R
18,7,6,SAN JOSÉ DE LAS CONCHAS,R
19,7,6,SAN JUAN BOSCO NO.2,R
20,7,6,SANTA CRUZ,R
1,8,6,MOROLICA,U
2,8,6,AGUALCAGUAIRE,R
3,8,6,CERCO DE PIEDRA,R
4,8,6,EL POTRERO,R
5,8,6,LA ENEA,R
6,8,6,SAN MARQUITOS,R
1,9,6,NAMASIGÜE,U
2,9,6,SAN BERNARDO,R
3,9,6,SAN FRANCISCO,R
4,9,6,SAN ISIDRO,R
5,9,6,SAN JERÓNIMO,R
6,9,6,SAN RAFAEL,R
7,9,6,SANTA IRENE,R
8,9,6,TIERRA BLANCA,R
9,9,6,YOROLÁN,R
1,10,6,OROCUINA,U
2,10,6,CONCEPCIÓN,R
3,10,6,EL BARREAL,R
4,10,6,MAL PASO,R
5,10,6,SAN ANDRÉS,R
6,10,6,SAN JOSÉ,R
7,10,6,SANTA ANA,R
8,10,6,SANTA CRUZ,R
9,10,6,SANTA LUCÍA,R
1,11,6,PESPIRE,U
2,11,6,CACAUTARE,R
3,11,6,CONCEPCIÓN EL BRASILAR,R
4,11,6,EL ESPINAL,R
5,11,6,EL GUAYABO,R
6,11,6,ESQUIMAY ARRIBA O LA ERMITA,R
7,11,6,MARILICA,R
8,11,6,SAN ANTONIO DE PADUA,R
9,11,6,SAN JUAN BAUTISTA,R
10,11,6,SAN JUAN BOSCO,R
11,11,6,EL CHAPARRAL O MARILICA,R
1,12,6,SAN ANTONIO DE FLORES,U
2,12,6,EL JÍCARO,R
3,12,6,LAS PLAYITAS,R
4,12,6,MORAMULCA,R
5,12,6,EL REBALSE,R
6,12,6,LAS CAÑAS,R
7,12,6,LAS TROJAS,R
1,13,6,SAN ISIDRO,U
2,13,6,EL CAULOTE,R
3,13,6,EL OBRAJITO,R
4,13,6,SONIT,R
1,14,6,SAN JOSÉ,U
2,14,6,CORAYCITO,R
3,14,6,EL CACAO,R
4,14,6,EL MACUELIZO,R
5,14,6,LA CRUCITA,R
6,14,6,LAS MARÍAS,R
1,15,6,SAN MARCOS DE COLÓN,U
2,15,6,CACAMUYA,R
3,15,6,CAIRE,R
4,15,6,COMALÍ,R
5,15,6,EL INVENTARIO,R
6,15,6,EL OJO DE AGUA,R
7,15,6,EL RODEO,R
8,15,6,JAYACAYÁN,R
9,15,6,LA JOYA,R
10,15,6,LA QUESERA,R
11,15,6,LAS MESAS DE COLÓN,R
12,15,6,LOS ENCUENTROS,R
13,15,6,LOS MAICILLALES,R
14,15,6,OYOTO,R
15,15,6,SAN DIEGO,R
16,15,6,SAN FRANCISCO,R
17,15,6,SAN JUAN DE DUYUSUPO,R
18,15,6,SANTA RITA,R
1,16,6,SANTA ANA DE YUSGUARE,U
2,16,6,CERCO DE PIEDRA,R
3,16,6,EL CERRO,R
4,16,6,LA TAJEADA,R
5,16,6,PUEBLO NUEVO,R
6,16,6,TABLONES ABAJO,R
7,16,6,TABLONES ARRIBA,R
1,1,7,YUSCARÁN,U
2,1,7,EL BARRO,R
3,1,7,EL CORDONCILLO,R
4,1,7,EL CHAGÜITE DE ORIENTE,R
5,1,7,EL CHAGÜITE SUR,R
6,1,7,EL OCOTAL,R
7,1,7,EL PERICÓN,R
8,1,7,EL RANCHO DEL OBISPO,R
9,1,7,EL ROBLEDAL,R
10,1,7,EL RODEO,R
11,1,7,EL TEÑIDERO,R
12,1,7,EL ZARZAL,R
13,1,7,LA CIÉNEGA,R
14,1,7,LA INSULA,R
15,1,7,LAS CRUCITAS,R
16,1,7,LOS LAÍNEZ,R
17,1,7,OJO DE AGUA,R
18,1,7,SABANA REDONDA,R
1,2,7,ALAUCA,U
2,2,7,BUENA VISTA,R
3,2,7,CHAGÜITE GRANDE,R
4,2,7,CHINAMPA O CHILAMPA,R
5,2,7,EL JÍCARO,R
6,2,7,EL MATAPALO,R
7,2,7,EL PEDREGALITO,R
8,2,7,LA CHICHIGUA,R
9,2,7,LA JAGUA,R
10,2,7,LA MANZANILLA,R
11,2,7,LAS LIMAS,R
12,2,7,LAS MANOS,R
13,2,7,LOS MATASANOS DE RÍO ARRIBA,R
14,2,7,SAN ANTONIO,R
1,3,7,DANLÍ,U
2,3,7,AGUA FRÍA,R
3,3,7,APALÍ,R
4,3,7,ARAULÍ,R
5,3,7,BAÑADEROS,R
6,3,7,BUENA ESPERANZA DE AZABACHE,R
7,3,7,CHIRINOS,R
8,3,7,EL ARENAL,R
9,3,7,EL BARRO,R
10,3,7,EL CHICHICASTE,R
11,3,7,EL MAGUELAR,R
12,3,7,EL MATASANO,R
13,3,7,EL OBRAJE,R
14,3,7,EL OLINGO O EL PORVENIR,R
15,3,7,EL PATASTE,R
16,3,7,EL PESCADERO,R
17,3,7,EL PORVENIR,R
18,3,7,EL POZO BENDITO,R
19,3,7,EL TABLÓN,R
20,3,7,EL ZAMORANO,R
21,3,7,EL ZAPOTILLO,R
22,3,7,EL ZARZAL,R
23,3,7,GUALIQUEME,R
24,3,7,JUTIAPA,R
25,3,7,LA LIMA,R
26,3,7,LA LODOSA,R
27,3,7,LA TRINIDAD O SARTENEJAS,R
28,3,7,LAS ANIMAS,R
29,3,7,LINACA,R
30,3,7,PALMILLAS,R
31,3,7,QUEBRADA ARRIBA U OCULÍ,R
32,3,7,QUEBRADA LARGA,R
33,3,7,SAN DIEGO,R
34,3,7,SAN JULIÁN,R
35,3,7,SAN MARCOS ABAJO,R
36,3,7,SANTA MARÍA,R
37,3,7,VILLA SANTA,R
1,4,7,EL PARAÍSO,U
2,4,7,CUYALÍ,R
3,4,7,DIFICULTADES,R
4,4,7,GRANADILLOS,R
5,4,7,LA UNIÓN,R
6,4,7,LAS CAÑAS,R
7,4,7,LAS FLORES,R
8,4,7,LAS MANOS,R
9,4,7,LAS SELVAS,R
10,4,7,LOS TERRONES,R
11,4,7,LOS VOLCANES,R
12,4,7,SAN ANTONIO DE CONCHAGUA,R
13,4,7,SANTA CRUZ,R
1,5,7,GÜINOPE,U
2,5,7,ARRAYANES,R
3,5,7,CASITAS,R
4,5,7,GALERAS,R
5,5,7,LIQUIDÁMBAR,R
6,5,7,LAVANDEROS,R
7,5,7,MANSARAGUA,R
8,5,7,PACAYAS,R
9,5,7,SANTA ROSA,R
10,5,7,SILISGUALAGUA,R
1,6,7,JACALEAPA,U
2,6,7,LA CHORRERA,R
3,6,7,LOMAS LIMPIAS,R
1,7,7,LIURE,U
2,7,7,ASUNCIÓN,R
3,7,7,BOCUIRE,R
4,7,7,MONTE GRANDE,R
5,7,7,SAN RAMÓN,R
6,7,7,SANTA CRUZ,R
1,8,7,MOROCELÍ,U
2,8,7,BUENA VISTA,R
3,8,7,EL CHILE O QUEBRADA GRANDE,R
4,8,7,EL CHILITO,R
5,8,7,EL LLANO,R
6,8,7,EL PLAN,R
7,8,7,EL RETIRO,R
8,8,7,EL SUYATE,R
9,8,7,GUADALAJARA,R
10,8,7,HOYA GRANDE,R
11,8,7,LOS LIMONES,R
12,8,7,LOS LIQUIDÁMBOS,R
13,8,7,LOS POZOS,R
14,8,7,MATA DE PLÁTANO,R
15,8,7,VALLE ARRIBA,R
1,9,7,OROPOLÍ,U
2,9,7,CHAGÜITE GRANDE,R
3,9,7,EL BARRO,R
4,9,7,EL CORRALITO,R
5,9,7,EL DESHECHO,R
6,9,7,EL JÍCARO,R
7,9,7,LA MESA,R
8,9,7,LAS CASITAS,R
9,9,7,LAS CRUCITAS,R
10,9,7,OREALÍ,R
11,9,7,SAMAYARE,R
1,10,7,POTRERILLOS,U
2,10,7,EL JUNQUILLO,R
3,10,7,EL LIMONCILLO,R
4,10,7,LAS CRUCITAS,R
5,10,7,LAS DELICIAS,R
6,10,7,LOMA DE ENMEDIO,R
7,10,7,LOMANILLOS,R
8,10,7,SABANA REDONDA,R
1,11,7,SAN ANTONIO DE FLORES,U
2,11,7,APALÍPI,R
3,11,7,COMUNIDAD,R
4,11,7,EL CHAGÜITE,R
5,11,7,EL ESPINAL,R
6,11,7,MANDASTA,R
7,11,7,ORLICA,R
8,11,7,QUEBRADA GRANDE,R
9,11,7,TOLOBRITO,R
1,12,7,SAN LUCAS,U
2,12,7,APALÍPI,R
3,12,7,CANDELARIA,R
4,12,7,JUNACATAL,R
5,12,7,LA MONTAÑITA,R
6,12,7,LOS QUEBRACHOS,R
7,12,7,MACTUCA,R
8,12,7,NAVIJUPE,R
9,12,7,SURULE,R
10,12,7,TAPAHUASCA,R
1,13,7,SAN MATÍAS,U
2,13,7,CORRAL FALSO,R
3,13,7,EL ESPINITO,R
4,13,7,EL GUAYACÁN,R
5,13,7,EL ROBLEDAL,R
6,13,7,LA CONCEPCIÓN,R
7,13,7,LAS TUNAS,R
8,13,7,SAN JERÓNIMO,R
9,13,7,SANTA ROSA,R
1,14,7,SOLEDAD,U
2,14,7,LA PAZ O RODEÍTO,R
3,14,7,LA VICTORIA,R
4,14,7,LAS MARÍAS,R
5,14,7,LOS ALPES,R
6,14,7,SAN DIEGO,R
7,14,7,SAN MARCOS,R
8,14,7,SANTO DOMINGO,R
1,15,7,TEUPASENTI,U
2,15,7,AGUA FRÍA,R
3,15,7,BAÑADEROS,R
4,15,7,EL CANTÓN,R
5,15,7,EL CORRALITO,R
6,15,7,EL CHELÓN NO.1,R
7,15,7,EL CHILITO,R
8,15,7,EL ENCINO,R
9,15,7,EL JUTE,R
10,15,7,EL OCOTAL,R
11,15,7,EL RIÍTO NO.1,R
12,15,7,EL RIÍTO NO.2,R
13,15,7,EL RIÍTO DEL ESQUILLAL,R
14,15,7,EL RODEO,R
15,15,7,EL SUYATAL,R
16,15,7,ESCOBAS AMARILLAS,R
17,15,7,LA AGUJA,R
18,15,7,LA CEBADILLA,R
19,15,7,LA COMUNIDAD,R
20,15,7,LA GRANJA,R
21,15,7,LA LAGUNA NO.1,R
22,15,7,LA LAGUNA NO.2,R
23,15,7,LA ZACATERA,R
24,15,7,LAS CORTINAS,R
25,15,7,LAS DELICIAS,R
26,15,7,LAS FLORES,R
27,15,7,LAS UVAS,R
28,15,7,LOS PLANCITOS NO.1,R
29,15,7,PASO HONDO,R
30,15,7,PEDRÍOS,R
31,15,7,PEÑA BLANCA,R
32,15,7,POTRERILLOS,R
33,15,7,QUEBRADA DEL ZAPOTILLO,R
34,15,7,SALADINO NO.1,R
35,15,7,SAN ISIDRO,R
36,15,7,SAN JOSÉ DEL POTRERO,R
37,15,7,SANTA CRUZ,R
38,15,7,SANTA ROSA NO.1,R
39,15,7,SANTA ROSA NO.2,R
1,16,7,TEXIGUAT,U
2,16,7,ASUNCIÓN,R
3,16,7,EL ZAPOTAL,R
4,16,7,GÜINOPITO,R
5,16,7,JAMAYUPE,R
6,16,7,RÍO ARRIBA,R
7,16,7,SAN LORENZO,R
8,16,7,SAN SEBASTIÁN,R
1,17,7,VADO ANCHO,U
2,17,7,APAUSUPO,R
3,17,7,LAS UVILLAS,R
4,17,7,SAN JERÓNIMO DE VADO ANCHO,R
5,17,7,TOLOBRE,R
1,18,7,YAUYUPE,U
2,18,7,EL CHAGÜITILLO,R
3,18,7,EL HORNITO,R
1,19,7,TROJES,U
2,19,7,ARENALES,R
3,19,7,CAPIRE,R
4,19,7,CIFUENTES,R
5,19,7,EL GUINEO,R
6,19,7,TALPACHÍ,R
7,19,7,YAMALES,R
1,1,8,TEGUCIGALPA,U
2,1,8,AMARATECA,R
3,1,8,AZACUALPA,R
4,1,8,CARPINTERO,R
5,1,8,CERRO GRANDE,R
6,1,8,COA ABAJO,R
7,1,8,COA ARRIBA,R
8,1,8,COFRADÍA,R
9,1,8,CONCEPCIÓN DE RÍO GRANDE,R
10,1,8,EL NARANJAL,R
11,1,8,EL PILIGUÍN,R
12,1,8,EL TIZATILLO,R
13,1,8,GERMANIA,R
14,1,8,GUANGOLOLO,R
15,1,8,GUASCULILE,R
16,1,8,JACALEAPA,R
17,1,8,JUTIAPA,R
18,1,8,LA CALERA,R
19,1,8,LA CUESTA NO.2,R
20,1,8,LA MONTAÑITA,R
21,1,8,LA SABANA,R
22,1,8,LA VENTA,R
23,1,8,LAS CASITAS,R
24,1,8,LAS FLORES,R
25,1,8,LAS TAPIAS,R
26,1,8,LOS JUTES,R
27,1,8,MATEO,R
28,1,8,MONTE REDONDO,R
29,1,8,NUEVA ALDEA,R
30,1,8,RÍO ABAJO,R
31,1,8,RÍO HONDO,R
32,1,8,SAN FRANCISCO DE SOROGUARA,R
33,1,8,SAN JUANCITO,R
34,1,8,SAN JUAN DEL RANCHO,R
35,1,8,SAN JUAN DEL RÍO GRANDE,R
36,1,8,SAN MATÍAS,R
37,1,8,SANTA CRUZ ABAJO,R
38,1,8,SANTA CRUZ ARRIBA,R
39,1,8,SANTA ROSA,R
40,1,8,SAN JOSE DE SOROGUARA,R
41,1,8,TÁMARA,R
42,1,8,VILLA NUEVA,R
43,1,8,YAGUACIRE,R
44,1,8,ZAMBRANO,R
1,2,8,ALUBARÉN,U
2,2,8,LA CONCEPCIÓN,R
3,2,8,LOS TABLONES,R
4,2,8,RÍO ARRIBA,R
1,3,8,CEDROS,U
2,3,8,AGALTECA,R
3,3,8,CEDROS ABAJO,R
4,3,8,EL GUANTE,R
5,3,8,EL SUYATAL,R
6,3,8,EL TABLÓN,R
7,3,8,LA GUADALUPE,R
8,3,8,LAS ANIMAS,R
9,3,8,MATA DE PLÁTANO,R
10,3,8,PUEBLO NUEVO,R
11,3,8,SIRIA,R
12,3,8,TAMARINDO,R
1,4,8,CURARÉN,U
2,4,8,CARTAGUA,R
3,4,8,CUNIMISCA,R
4,4,8,EL PORTILLO DE SAN JUAN BOSCO,R
5,4,8,EL PORVENIR,R
6,4,8,EMITUCA,R
7,4,8,HATO VIEJO,R
8,4,8,LA COSTITA,R
9,4,8,LA MANZANILLA,R
10,4,8,LA VICTORINA,R
11,4,8,LODO NEGRO,R
12,4,8,MACANCICRE,R
13,4,8,MANDASTA,R
14,4,8,SAN JOSÉ DEL POTRERO,R
15,4,8,SAN MARCOS,R
16,4,8,TONCONTÍN,R
1,5,8,EL PORVENIR,U
2,5,8,EL AGUA CALIENTE,R
3,5,8,EL ESCANITO,R
4,5,8,EL GUANTILLO,R
5,5,8,EL PEDERNAL,R
6,5,8,EL TERRERO,R
7,5,8,GUAYABILLAS,R
8,5,8,PUEBLO NUEVO,R
1,6,8,GUAIMACA,U
2,6,8,CASAS VIEJAS,R
3,6,8,CERRO BONITO,R
4,6,8,EL GUANACASTE,R
5,6,8,EL TOMATE,R
6,6,8,GONES,R
7,6,8,LA ASERRADERA,R
8,6,8,LA LAGUNA NO.1,R
9,6,8,RÍO ABAJO,R
10,6,8,SABANA GRANDE,R
11,6,8,SAN JOSÉ,R
12,6,8,SAN MARCOS,R
13,6,8,SANQUÍN,R
1,7,8,LA LIBERTAD,U
2,7,8,EL PEDRERO,R
3,7,8,QUEBRACHAL,R
1,8,8,LA VENTA,U
2,8,8,EL PORVENIR,R
3,8,8,OJOS DE AGUA,R
4,8,8,OPIMUCA,R
5,8,8,SAN JORGE,R
1,9,8,LEPATERIQUE,U
2,9,8,CULGUAQUE,R
3,9,8,EL CARRIZAL,R
4,9,8,EL ESPINO,R
5,9,8,HIERBABUENA,R
6,9,8,LA BREA,R
7,9,8,MULHUACA O EL LLANO,R
1,10,8,MARAITA,U
2,10,8,COATO,R
3,10,8,EL CHAGÜITE,R
4,10,8,EL RETIRO,R
5,10,8,LA UNIÓN,R
6,10,8,LIZAPA,R
7,10,8,REDUCTO,R
8,10,8,SAN PEDRO,R
9,10,8,TERRERO BLANCO,R
10,10,8,TERRERO PRIETO,R
1,11,8,MARALE,U
2,11,8,EL CARRIZAL,R
3,11,8,EL PANAL,R
4,11,8,NUEVO PARAÍSO,R
5,11,8,LA ESPERANZA O EL CACAO,R
6,11,8,LA TRAVESÍA,R
7,11,8,LAS CASITAS,R
8,11,8,LAS LAGUNAS,R
9,11,8,LOS NARANJOS O MURRANGA,R
10,11,8,LOS PLANES,R
11,11,8,RÍO ABAJO,R
1,12,8,NUEVA ARMENIA,U
2,12,8,ADURASTA,R
3,12,8,BARAJANA,R
4,12,8,CUESTA CHIQUITA,R
5,12,8,EL PLATANAL,R
6,12,8,LAS PIÑUELAS,R
7,12,8,SALALICA,R
1,13,8,OJOJONA,U
2,13,8,ARAGUA,R
3,13,8,EL AGUACATAL,R
4,13,8,EL CÍRCULO,R
5,13,8,EL JÍCARO,R
6,13,8,GUASUCARÁN,R
7,13,8,GUERISNE,R
8,13,8,SANTA CRUZ,R
9,13,8,SARACARÁN,R
10,13,8,SURCOS DE CAÑA,R
1,14,8,ORICA,U
2,14,8,EL ENCINO,R
3,14,8,EL NANCE,R
4,14,8,GUATEMALITA,R
5,14,8,LA JOYA DEL QUEBRACHO,R
6,14,8,SAN FRANCISCO DE ORICA,R
7,14,8,SAN MARQUITOS,R
1,15,8,REITOCA,U
2,15,8,AZACUALPA,R
3,15,8,CERRO DEL SEÑOR,R
4,15,8,EL RODEO,R
5,15,8,LA GUADALUPE,R
6,15,8,SABANETAS,R
7,15,8,SAN CARLOS,R
8,15,8,SAN JOSÉ DEL NARANJO,R
9,15,8,SANTA CRUZ,R
10,15,8,SARACARÁN,R
1,16,8,SABANAGRANDE,U
2,16,8,APASINIGUA,R
3,16,8,DULCE NOMBRE,R
4,16,8,EL CALVARIO NO.1,R
5,16,8,EL CALVARIO NO.2,R
6,16,8,EL CARRIZAL,R
7,16,8,EL DIVISADERO,R
8,16,8,EL VINO,R
9,16,8,LA CEIBA,R
10,16,8,LA TRINIDAD,R
11,16,8,LOS NANZALES,R
12,16,8,SACAHUATO,R
13,16,8,SAN ANTONIO,R
14,16,8,SAN NICOLÁS O EL ZAPOTE,R
1,17,8,SAN ANTONIO DE ORIENTE,U
2,17,8,EL JICARITO,R
3,17,8,EL LIMÓN,R
4,17,8,HOYA GRANDE,R
5,17,8,LA CIÉNEGA,R
6,17,8,LAS MESAS,R
7,17,8,LAS PLAYAS,R
8,17,8,LOS RANCHOS DE FLOR AZUL,R
9,17,8,SAN ANTONIO DE OCCIDENTE,R
10,17,8,SAN FRANCISCO,R
11,17,8,SANTA INÉS,R
12,17,8,TABLA GRANDE,R
1,18,8,SAN BUENAVENTURA,U
2,18,8,EL CALVARIO,R
3,18,8,EL CIRUELO,R
4,18,8,EL HORNO,R
1,19,8,SAN IGNACIO,U
2,19,8,EL ESCANO DE TEPALE,R
3,19,8,EL NARANJAL,R
4,19,8,EL PORTILLO DE SIALE,R
5,19,8,SAN MIGUEL DE BARROSA,R
6,19,8,URRUTIA,R
7,19,8,YOCULATECA,R
1,20,8,SAN JUAN DE FLORES,U
2,20,8,CERRO BONITO,R
3,20,8,COFRADÍA,R
4,20,8,CHANDALA,R
5,20,8,EL CARBÓN,R
6,20,8,EL JICARITO,R
7,20,8,EL OCOTE,R
8,20,8,EL ZARZAL,R
9,20,8,EL ZURZULAR,R
10,20,8,JOYAS DE CARBALLO,R
11,20,8,LA CRUZ O SUYAPA,R
12,20,8,LAS DELICIAS,R
13,20,8,MARCOS,R
14,20,8,MIRAVALLE,R
15,20,8,PACAYAS,R
16,20,8,PAJARILLOS,R
17,20,8,SAN JOSÉ DE RAMOS,R
18,20,8,SAN LUIS,R
19,20,8,SICAGUARA,R
20,20,8,YAMAGUARE,R
1,21,8,SAN MIGUELITO,U
2,21,8,EL HATO,R
3,21,8,SANTA MARTA,R
1,22,8,SANTA ANA,U
2,22,8,CICATACARE,R
3,22,8,EL LIMÓN,R
4,22,8,LA BODEGA,R
5,22,8,NUEVA ARCADIA,R
6,22,8,SAN ISIDRO DE HISOPO,R
1,23,8,SANTA LUCÍA,U
2,23,8,EL CHIMBO,R
3,23,8,EL EDÉN,R
4,23,8,EL PILIGÜÍN,R
5,23,8,MONTAÑA GRANDE O DE LOS LAGOS,R
6,23,8,ZARABANDA,R
1,24,8,TALANGA,U
2,24,8,AGUA BLANCA,R
3,24,8,CORRALITOS,R
4,24,8,EL OCOTAL,R
5,24,8,EL ROSARIO O LAJA PICADA,R
6,24,8,JALACA,R
7,24,8,LA ERMITA,R
8,24,8,LA ESPERANZA,R
9,24,8,LA LABRANZA,R
10,24,8,LA MAJADA VERDE,R
11,24,8,LAS QUEBRADAS,R
12,24,8,LOS CHARCOS,R
13,24,8,PALMIRA,R
14,24,8,RÍO DULCE,R
15,24,8,SAN ANTONIO DE PASTOS,R
16,24,8,VALLE ARRIBA,R
1,25,8,TATUMBLA,U
2,25,8,COFRADÍA,R
3,25,8,CUESTA GRANDE,R
4,25,8,LA LIMA,R
5,25,8,LA UNIÓN,R
6,25,8,LINACA,R
1,26,8,VALLE DE ANGELES,U
2,26,8,CERRO GRANDE,R
3,26,8,EL GUANACASTE,R
4,26,8,EL LIQUIDÁMBAR,R
5,26,8,LA SABANETA,R
6,26,8,LAS CAÑADAS,R
7,26,8,RÍO ABAJO O PLAYAS,R
1,27,8,VILLA DE SAN FRANCISCO,U
2,27,8,EL COYOLITO,R
3,27,8,EL HATO,R
4,27,8,EL PEDREGAL,R
5,27,8,GUARUMAS,R
1,28,8,VALLECILLO,U
2,28,8,TRINIDAD DE QUEBRADAS,R
1,1,9,PUERTO LEMPIRA,U
2,1,9,AWASVILA,R
3,1,9,AUKA,R
4,1,9,AURATA,R
5,1,9,BARRA DE CARATASCA,R
6,1,9,CANCO,R
7,1,9,CAUQUIRA,R
8,1,9,KRATA,R
9,1,9,KURI,R
10,1,9,LA TABILA,R
11,1,9,LEIMUS,R
12,1,9,MISTRUCK,R
13,1,9,MOCORÓN,R
14,1,9,PALKAKA,R
15,1,9,PRUNNITARA,R
16,1,9,RATLAYA,R
17,1,9,RUS-RUS,R
18,1,9,SIAKWALAYA,R
19,1,9,SIRSIRTARA,R
20,1,9,SUHI,R
21,1,9,TANSIN,R
22,1,9,TIKIURAYA,R
23,1,9,TIPILALMA,R
24,1,9,TUBURUS,R
25,1,9,TUIMAWALA,R
26,1,9,TUNTUNTARA,R
27,1,9,UJI,R
28,1,9,WALPATA,R
29,1,9,WAUPLAYA,R
30,1,9,YAHURABILA,R
31,1,9,YAMANTA,R
1,2,9,BRUS LAGUNA,U
2,2,9,BARRA PATUCA,R
3,2,9,BELÉN,R
4,2,9,COCOBILA,R
5,2,9,LAS MARÍAS,R
6,2,9,NUEVA JERUSALÉN,R
7,2,9,RÍO PLÁTANO,R
1,3,9,AHUAS,U
2,3,9,KROPUNTA,R
3,3,9,PAPTALAYA,R
4,3,9,WAKSMA,R
5,3,9,WARUNTA,R
6,3,9,WAWINA,R
1,4,9,BATALLA,U
2,4,9,BANAKA,R
3,4,9,GUAPOTE ABAJO,R
4,4,9,IBANS,R
5,4,9,LAS MARIAS,R
6,4,9,PALACIOS,R
7,4,9,PLAPLAYA,R
1,5,9,RAYA,U
2,5,9,BENK,R
3,5,9,IRALAYA O ILAYA,R
4,5,9,KALPO,R
5,5,9,KARASUNTA O KARASUATLA,R
6,5,9,KLUBKI,R
7,5,9,KRUTA O WALPATARA,R
8,5,9,MANGOTARA,R
9,5,9,NUEVA GUINEA,R
10,5,9,PAKWI,R
11,5,9,TUSIDAKSA,R
12,5,9,USUBILA,R
13,5,9,WANGKIAWALA,R
1,6,9,WAMPUSIRPI,U
2,6,9,KRAUSIRPI,R
3,6,9,KURHPA,R
4,6,9,PIMIENTA,R
5,6,9,TUKRUN,R
1,1,10,LA ESPERANZA,U
2,1,10,CHOGOLA,R
3,1,10,EL PELÓN,R
4,1,10,LA PIMIENTA,R
5,1,10,NUEVA ESPERANZA,R
1,2,10,CAMASCA,U
2,2,10,AGUA ZARCA,R
3,2,10,EL CARMEN,R
4,2,10,EL ROSARIO,R
5,2,10,HACIENDA STA. LUCÍA,R
6,2,10,SAN ANTONIO DEL MONTE,R
7,2,10,SAN IGNACIO,R
8,2,10,SAN ISIDRO,R
9,2,10,SAN JUAN DE DIOS,R
10,2,10,SAN LUCAS,R
11,2,10,SANTA CATARINA,R
12,2,10,SANTA CRUZ,R
1,3,10,COLOMONCAGUA,U
2,3,10,EL PICACHO Ó EL CARACOL,R
3,3,10,LAS LOMAS,R
4,3,10,LOS AMATES,R
5,3,10,LLANO GRANDE,R
6,3,10,MAL PASO,R
7,3,10,SAN MARCOS,R
8,3,10,SANTA ANA,R
9,3,10,SANTO DOMINGO,R
10,3,10,VADOS DE SAN ANTONIO,R
1,4,10,CONCEPCIÓN,U
2,4,10,CALUCICA,R
3,4,10,COLOMARIGUA O EL TABLÓN,R
4,4,10,EL GUACHIPILINCITO,R
5,4,10,EL GUAJINIQUIL,R
6,4,10,EL RODEO,R
7,4,10,JIQUINLACA,R
8,4,10,SAN NICOLÁS,R
9,4,10,SANTIAGO,R
1,5,10,DOLORES,U
2,5,10,AZACUALPA O LLANO DE SAN ANTON,R
3,5,10,SAN JOSÉ O PIEDRA REDONDA,R
4,5,10,TOCO,R
1,6,10,INTIBUCÁ,U
2,6,10,AZACUALPA,R
3,6,10,EL NARANJO,R
4,6,10,EL PELÓN DE OLOGOSÍ,R
5,6,10,LA LAGUNA DE CHILIGATORO,R
6,6,10,LA SORTO,R
7,6,10,MALGUARA,R
8,6,10,MANAZAPA,R
9,6,10,MIXCURE,R
10,6,10,MONQUECAGUA,R
11,6,10,PUEBLO VIEJO,R
12,6,10,QUEBRADA HONDA,R
13,6,10,RÍO BLANCO,R
14,6,10,RÍO COLORADO,R
15,6,10,RÍO GRANDE O EL NANCE,R
16,6,10,SAN JOSÉ,R
17,6,10,SAN NICOLÁS,R
18,6,10,SAN PEDRO,R
19,6,10,SANTA CATARINA,R
20,6,10,TOGOPALA,R
1,7,10,JESÚS DE OTORO,U
2,7,10,COCLÁN,R
3,7,10,EL JUNQUILLO,R
4,7,10,SAN ANTONIO,R
5,7,10,SAN JERÓNIMO,R
6,7,10,SAN RAFAEL,R
1,8,10,MAGDALENA,U
2,8,10,SAN JUAN,R
1,9,10,MASAGUARA,U
2,9,10,GUASORE,R
3,9,10,LAGUNETAS,R
4,9,10,POTRERITO O EL ROSARIO,R
5,9,10,QUIRAGÜIRA,R
6,9,10,SANTA CRUZ DE HORCONES,R
1,10,10,SAN ANTONIO,U
2,10,10,BAÑADEROS,R
3,10,10,EL CACAHUATAL,R
4,10,10,SAN FRANCISCO,R
5,10,10,SAN JACINTO,R
6,10,10,SAN JOSÉ,R
7,10,10,SAN SEBASTIÁN,R
8,10,10,SANTA TERESA,R
1,11,10,SAN ISIDRO,U
2,11,10,MACUELIZO O HATO VIEJO,R
3,11,10,SUYAPA,R
1,12,10,SAN JUAN,U
2,12,10,LLANO REDONDO,R
3,12,10,PELONCITOS,R
4,12,10,SAN JOSÉ DE CATAULACA,R
1,13,10,SAN MARCOS DE LA SIERRA,U
2,13,10,LAS DELICIAS,R
3,13,10,SAN JOSÉ,R
4,13,10,SAN LUIS,R
1,14,10,SAN MIGUELITO,U
2,14,10,COFRADÍA,R
3,14,10,CHUPUCAY O RESINA,R
4,14,10,SAN ANTONIO,R
5,14,10,SEGUA,R
1,15,10,SANTA LUCÍA,U
2,15,10,BAÑADEROS,R
3,15,10,EL JICARAL,R
4,15,10,PALACIOS,R
5,15,10,SAN MARCOS,R
6,15,10,SANTA RITA,R
1,16,10,YAMARANGUILA,U
2,16,10,AZACUALPA,R
3,16,10,COFRADÍA,R
4,16,10,EL CARRIZAL,R
5,16,10,EL CERRÓN,R
6,16,10,EL MEMBRILLO NO.1,R
7,16,10,EL PELÓN,R
8,16,10,EL PICACHO,R
9,16,10,LAS LAJAS,R
10,16,10,OLOAS,R
11,16,10,PLANES,R
12,16,10,SEMANE,R
13,16,10,SEQUIRE,R
14,16,10,ZACATE BLANCO,R
1,17,10,SAN FRANCISCO DE OPALACA O MON,U
2,17,10,AGUA SUCIA,R
3,17,10,EL NARANJO O SANTA LUCIA,R
4,17,10,EL ZACATAL O SUYAPA,R
5,17,10,LA CEIBITA,R
6,17,10,LA CHORRERA ASPERA,R
7,17,10,OJO DE AGUA,R
8,17,10,PLAN DE BARRIO,R
1,1,11,ROATÁN,U
2,1,11,CAYOS COCHINOS,R
3,1,11,COROZAL,R
4,1,11,CRAWFISH ROCK,R
5,1,11,FLOWERS BAY,R
6,1,11,FRENCH HARBOR,R
7,1,11,SANDY BAY,R
8,1,11,THATCH POINT,R
9,1,11,WEST END,R
1,2,11,GUANAJA,U
2,2,11,EAST END,R
3,2,11,MANGROVE BIGHT,R
4,2,11,SAVANNAH BIGHT,R
1,3,11,JOSÉ SANTOS GUARDIOLA,U
2,3,11,CALABASH BIGHT,R
3,3,11,ISLA DE BARBARETA,R
4,3,11,JONESVILLE POINT,R
5,3,11,LONG THE SHORE,R
6,3,11,POLLYTILLY BIGHT,R
7,3,11,PUNTA GORDA,R
8,3,11,SANTA ELENA O BANDA SUR,R
9,3,11,SIX HUTS,R
1,4,11,UTILA,U
1,1,12,LA PAZ,U
2,1,12,CONCEPCIÓN DE SOLUTECA,R
3,1,12,MATASANO,R
4,1,12,POTRERILLOS,R
5,1,12,SAN JOSÉ DEL PLAYÓN,R
6,1,12,SAN RAFAEL,R
7,1,12,TEPANGUARE,R
8,1,12,TIERRA PRIETA,R
9,1,12,YARUMELA,R
1,2,12,AGUANQUETERIQUE,U
2,2,12,BARRANCARAY,R
1,3,12,CABAÑAS,U
2,3,12,AZACUALPA,R
3,3,12,EL BAILADERO,R
4,3,12,EL PALMAR,R
5,3,12,LAS LAJITAS,R
1,4,12,CANE,U
2,4,12,LAS CALABAZAS,R
1,5,12,CHINACLA,U
2,5,12,EL TRAPICHE,R
3,5,12,LA PIEDRONA,R
4,5,12,LAS PILAS,R
5,5,12,PLANES DE MUYEN,R
6,5,12,PORTILLO DEL NORTE,R
7,5,12,SAN MARCOS DE LINDEROS,R
8,5,12,TIERRA COLORADA,R
1,6,12,GUAJIQUIRO,U
2,6,12,DOLORES,R
3,6,12,EL GUAPINOL,R
4,6,12,GUAJIQUIRITO,R
5,6,12,INGRULA,R
6,6,12,LA CRUCITA,R
7,6,12,LAS DELICIAS,R
8,6,12,LAS VEGAS DEL PARAÍSO,R
9,6,12,SAN ANTONIO,R
10,6,12,SAN JOSÉ,R
11,6,12,SAN MARCOS,R
12,6,12,SAN MATÍAS O LAS JOYAS,R
13,6,12,SAN PEDRO,R
14,6,12,SANTA ROSITA,R
1,7,12,LAUTERIQUE,U
2,7,12,EL AMATE,R
3,7,12,LAS MINITAS,R
4,7,12,OJO DE AGUA,R
1,8,12,MARCALA,U
2,8,12,SABANETA,R
3,8,12,SANTA CRUZ,R
1,9,12,MERCEDES DE ORIENTE,U
2,9,12,LA GOLONDRINA,R
3,9,12,LAS LOMAS,R
1,10,12,OPATORO,U
2,10,12,EL CEDRO,R
3,10,12,EL PARAÍSO,R
4,10,12,LA FLORIDA,R
5,10,12,SAN ISIDRO,R
6,10,12,SANTA CRUZ,R
7,10,12,VALLE DE ANGELES,R
1,11,12,SAN ANTONIO DEL NORTE,U
2,11,12,HATO VIEJO,R
3,11,12,LAS CAÑAS,R
4,11,12,MATAPALO,R
5,11,12,PITAHAYAS,R
1,12,12,SAN JOSÉ,U
2,12,12,EL AGUACATAL,R
3,12,12,EL PEDERNAL,R
4,12,12,LA FLORIDA,R
1,13,12,SAN JUAN,U
2,13,12,EL QUEBRACHAL,R
3,13,12,HORCONES,R
4,13,12,LAS TRANCAS,R
5,13,12,OCOTILLOS,R
1,14,12,SAN PEDRO DE TUTULE,U
2,14,12,EL GUAYABAL,R
3,14,12,LAGUNA SECA,R
4,14,12,LAS HUERTAS,R
5,14,12,SAN MIGUEL,R
1,15,12,SANTA ANA,U
2,15,12,ESTANCIA,R
3,15,12,JUNIGUARA,R
4,15,12,LOS HORNOS,R
5,15,12,SAN ANTONIO,R
6,15,12,SAN ISIDRO,R
7,15,12,SAN MIGUEL,R
8,15,12,SANTIAGO,R
1,16,12,SANTA ELENA,U
2,16,12,AGUANQUETERIQUE,R
3,16,12,EL CARRIZAL,R
4,16,12,LOS PATIOS,R
5,16,12,LLANO ALEGRE,R
6,16,12,MONTE COPADO,R
7,16,12,SOLOARA,R
8,16,12,NAHUATERIQUE,R
1,17,12,SANTA MARÍA,U
2,17,12,EL NARANJO,R
3,17,12,EL OCOTAL,R
4,17,12,LAS CRUCITAS O BARRIO NUEVO,R
5,17,12,LAS PAVAS,R
6,17,12,LINDEROS,R
7,17,12,LOS PLANES,R
8,17,12,MIRATORO,R
9,17,12,SAN FRANCISCO,R
1,18,12,SANTIAGO DE PURINGLA,U
2,18,12,CEDRITOS,R
3,18,12,EL HIGUITO,R
4,18,12,EL OCOTAL,R
5,18,12,EL RANCHO DE JESÚS,R
6,18,12,GUALAZARA,R
7,18,12,HORNITOS,R
8,18,12,HUERTAS,R
9,18,12,LAS DELICIAS,R
10,18,12,SAN ANTONIO,R
1,19,12,YARULA,U
2,19,12,LAS HUERTAS,R
3,19,12,LAS LAJAS,R
4,19,12,TIERRA COLORADA,R
5,19,12,EL ZANCUDO,R
1,1,13,GRACIAS,U
2,1,13,ARCILACA,R
3,1,13,AZACUALPITA,R
4,1,13,CAMPUCA O EL CAMALOTE,R
5,1,13,CATULACA,R
6,1,13,CEDROS DE MEJICAPA,R
7,1,13,EL CARAL,R
8,1,13,LA MISIÓN,R
9,1,13,EL PINAL SAN JOSE,R
10,1,13,EL REFUGIO,R
11,1,13,EL RODEO,R
12,1,13,EL RODEO DE QUELACASQUE,R
13,1,13,EL SILE,R
14,1,13,EL TABLÓN,R
15,1,13,EL ZAPOTE,R
16,1,13,JACAN O SAN ISIDRO,R
17,1,13,LA ASOMADA,R
18,1,13,LA LIMA,R
19,1,13,MEJOCOTE,R
20,1,13,PLATANARES,R
21,1,13,SAN JOSÉ DEL ALTO,R
22,1,13,VILLAMI,R
23,1,13,MONTAÑA VERDE,R
1,2,13,BELÉN,U
2,2,13,EL CARRIZAL,R
3,2,13,EL NARANJO O LA PENCA,R
4,2,13,LAS CAÑADAS,R
5,2,13,LOS PLANES DE OJUERA,R
1,3,13,CANDELARIA,U
2,3,13,LA ARADA,R
3,3,13,SAN FRANCISCO,R
4,3,13,SAN JOSÉ,R
5,3,13,SAN LORENZO,R
1,4,13,COLOLACA,U
2,4,13,CASITAS,R
3,4,13,LAS FLORES,R
4,4,13,MALSINCALES,R
5,4,13,SAN ISIDRO CANGUACOTA,R
1,5,13,ERANDIQUE,U
2,5,13,AZACUALPA GRANDE,R
3,5,13,AZACUALPA MONTAÑA,R
4,5,13,CONCEPCIÓN O BARRIO NUEVO,R
5,5,13,EL CARRIZAL,R
6,5,13,EL CONAL,R
7,5,13,EL CHIMISAL,R
8,5,13,EL RODEO,R
9,5,13,GUALGUIRE,R
10,5,13,GUATINCARA,R
11,5,13,LA LAGUNA,R
12,5,13,SAN ANTONIO MONTAÑA,R
13,5,13,SAN ANTONIO VALLE,R
14,5,13,VALLE DE LA CRUZ,R
15,5,13,YOLOMÓN,R
1,6,13,GUALCINCE,U
2,6,13,CONGOLÓN,R
3,6,13,GUACUAL,R
4,6,13,GUALCEA,R
5,6,13,GUATEMALITA,R
6,6,13,QUESUNGUAL,R
7,6,13,SANTA CRUZ,R
8,6,13,SANTO TOMÁS,R
9,6,13,SAN MARCOS CERIQUE,R
10,6,13,SAN MARCOS MORA,R
11,6,13,TENANGO,R
12,6,13,TIXILA,R
1,7,13,GUARITA,U
2,7,13,CHAPULÍN SANTA LUCÍA,R
3,7,13,SAN ANTONIO,R
4,7,13,SAN JOSÉ OLOSINGO,R
5,7,13,SAN JUAN JUNIGUAL,R
6,7,13,SAN PABLO,R
7,7,13,SANTA CRUZ DEL REPASTEADERO,R
8,7,13,SANTA CRUZ QUERUCO,R
9,7,13,SANTO TOMÁS CHINQUÍN,R
10,7,13,TERLACA,R
1,8,13,LA CAMPA,U
2,8,13,EL MEZCALILLO,R
3,8,13,LAS CAÑADAS,R
4,8,13,NUEVA ESPERANZA,R
5,8,13,SANTA CATARINA,R
1,9,13,LA IGUALA,U
2,9,13,CHUSQUÍN,R
3,9,13,EL JUNCAL,R
4,9,13,EL MANGO,R
5,9,13,EL MATASANO,R
6,9,13,EL RODEÍTO,R
7,9,13,EL ZAPOTE,R
8,9,13,LA GUADALUPE,R
9,9,13,LAGUNAS,R
10,9,13,LAS PILAS,R
11,9,13,LAS PLAYAS,R
12,9,13,LAS OLOMINAS,R
13,9,13,LAS VEGAS,R
14,9,13,LOS LLANOS,R
15,9,13,LOS TABLONES,R
16,9,13,LLANO LARGO,R
17,9,13,MONTE LARGO,R
18,9,13,NUEVA PAZ,R
19,9,13,OJACA,R
20,9,13,POTRERILLOS,R
21,9,13,QUIOCO,R
22,9,13,RÍO BLANCO,R
23,9,13,SAN ISIDRO DE JACAN,R
24,9,13,SAN JOSÉ DE CURUNATE,R
25,9,13,SAN MIGUEL,R
26,9,13,TARAGUAL,R
1,10,13,LAS FLORES,U
2,10,13,COALACA,R
3,10,13,EL SOCORRO O LA LOMA DE LA CUEVA,R
4,10,13,GUANAS,R
5,10,13,LAS MERCEDES,R
6,10,13,MARIPOSAS,R
7,10,13,MONGUAL,R
8,10,13,MONTE DE LA VIRGEN,R
9,10,13,NUEVA ESPERANZA,R
10,10,13,TEPUSUNA,R
1,11,13,LA UNIÓN,U
2,11,13,AGUA ZARCA,R
3,11,13,EL SITIO,R
4,11,13,GUALCIRAS,R
5,11,13,LAS PEÑAS,R
6,11,13,SAN BARTOLO,R
1,12,13,LA VIRTUD,U
2,12,13,CATULACA,R
3,12,13,EL AMATILLO,R
4,12,13,EL CACAHUATAL O LA MAJADA,R
5,12,13,EL LIMÓN,R
6,12,13,GUAJINIQUIL,R
7,12,13,GUALCIMACA,R
8,12,13,LA CUESTA,R
9,12,13,LA HACIENDITA,R
10,12,13,LA TRINIDAD,R
11,12,13,LOS HERNÁNDEZ,R
12,12,13,SAN FRANCISCO,R
13,12,13,SAN JOSÉ,R
1,13,13,LEPAERA,U
2,13,13,ALEGRÍAS,R
3,13,13,ARENALES,R
4,13,13,BRISAS DEL OCOTILLO,R
5,13,13,BUENOS AIRES,R
6,13,13,CEMENTERA,R
7,13,13,CONSOLACIÓN,R
8,13,13,EL AGUACATAL,R
9,13,13,EL BARRIO,R
10,13,13,EL CARMEN,R
11,13,13,EL CHAGÜITE,R
12,13,13,EL MATASANITO,R
13,13,13,EL ROSARIO,R
14,13,13,ESTANCIAS,R
15,13,13,GUALÁN,R
16,13,13,LA JAGUA,R
17,13,13,LA LAGUNA DEL PEDERNAL,R
18,13,13,LA LIBERTAD,R
19,13,13,LA LIMA,R
20,13,13,LA RINCONADA,R
21,13,13,LAGUNAS DE PAJAPAS,R
22,13,13,LAS CRUCITAS,R
23,13,13,LAS DANTAS,R
24,13,13,LAS PILAS DE CANMAYA,R
25,13,13,LAS TEJERAS,R
26,13,13,LOMA ALTA,R
27,13,13,LOS CERRITOS NO.1,R
28,13,13,LOS CERRITOS NO.2,R
29,13,13,MERCEDES OCOTILLO O PECANERA,R
30,13,13,MISIORA,R
31,13,13,NUEVA EDÉN,R
32,13,13,OCOTE CHACHO,R
33,13,13,OCOTILLO TIERRA COLORADA,R
34,13,13,SAN JOSE DE PAJAPAS,R
35,13,13,PLAN DE LA PUA,R
36,13,13,PLAN DEL JARRO O SANTA EDUVIGE,R
37,13,13,PLAN DEL OCOTAL,R
38,13,13,PLAN DEL SOCORRO,R
39,13,13,PLAN GRANDE,R
40,13,13,PLAYITAS,R
41,13,13,SAN ISIDRO EL BELLOTO,R
42,13,13,SANTA RITA,R
43,13,13,TIERRA COLORADA,R
44,13,13,YUENA,R
45,13,13,YUENITA,R
1,14,13,MAPULACA,U
2,14,13,EL SITIO,R
3,14,13,LOS PLANES,R
4,14,13,EL LLANO DE LA HAMACA,R
5,14,13,SAN ANTONIO,R
1,15,13,PIRAERA,U
2,15,13,LAS MORAS,R
3,15,13,QUISIMACA,R
4,15,13,SAN FELIPE,R
5,15,13,SAN JERÓNIMO,R
6,15,13,SAN JOSÉ,R
7,15,13,SAN PEDRO,R
8,15,13,SAN SEBASTIÁN,R
9,15,13,SANTA LUCÍA O GUASQUÍN,R
10,15,13,SUYAPITA O PICHIGUAL NO. 1,R
1,16,13,SAN ANDRÉS,U
2,16,13,CAONA,R
3,16,13,CENALACA,R
4,16,13,SAN JOSE DE ESQUIMPARA,R
5,16,13,SAN SIMÓN,R
6,16,13,SANTIAGO,R
7,16,13,SOSOAL,R
8,16,13,SUNSUNLACA,R
1,17,13,SAN FRANCISCO,U
2,17,13,CONCORDIA,R
3,17,13,JELPOA,R
4,17,13,MAGDALENA,R
5,17,13,MARQUIRA,R
6,17,13,RORRUCA,R
7,17,13,SAN LUCAS,R
1,18,13,SAN JUAN GUARITA,U
2,18,13,EL RODEO,R
3,18,13,LOS HORCONES,R
4,18,13,PORTILLO DEL FRAYLE O DEL AGUA,R
5,18,13,PUEBLO VIEJO,R
6,18,13,SAZALAPA,R
1,19,13,SAN MANUEL COLOHETE,U
2,19,13,CORANTE,R
3,19,13,GUACUTAO,R
4,19,13,PIEDRA LARGA,R
5,19,13,PULAJE,R
6,19,13,SAN ANTONIO,R
7,19,13,SAN ANTONIO DEL AGUACATILLO,R
8,19,13,SAN PEDRITO,R
9,19,13,SANTA TERESA,R
10,19,13,CERRO COLORADA,R
1,20,13,SAN RAFAEL,U
2,20,13,CONCEPCIÓN,R
3,20,13,EL CAMPANARIO,R
4,20,13,EL EDÉN,R
5,20,13,QUERUCO,R
6,20,13,SAN ANTONIO,R
7,20,13,SAN JOSÉ LEMPIRA,R
8,20,13,SAN PEDRITO,R
9,20,13,SUYAPA,R
1,21,13,SAN SEBASTIÁN,U
2,21,13,AGUA FRÍA,R
3,21,13,EL CUTAL,R
4,21,13,EL SUCTE,R
5,21,13,EL VOLCANCITO,R
6,21,13,SAN ANTONIO,R
7,21,13,SAN ISIDRO,R
1,22,13,SANTA CRUZ,U
2,22,13,CANDELARIA,R
3,22,13,LOMA LIMPIA,R
4,22,13,PAJAPAS,R
5,22,13,SAN PEDRO,R
6,22,13,SANTA ROSA,R
1,23,13,TALGUA,U
2,23,13,CANSINCAMÓN,R
3,23,13,EL AGUACATE,R
4,23,13,EL CAMALOTE,R
5,23,13,EL CIRUELITO,R
6,23,13,EL HIGUITO O CILIANTUQUE,R
7,23,13,EL MATASANO,R
8,23,13,EL PINABETAL,R
9,23,13,LA CAFETALERA,R
10,23,13,LA PEÑA,R
11,23,13,LA RINCONADA,R
12,23,13,LA TEJERA,R
13,23,13,LAS LAJITAS,R
14,23,13,SAN RAMÓN,R
1,24,13,TAMBLA,U
2,24,13,EL ZARZAL,R
3,24,13,SAN FRANCISCO DEL ACEITUNO,R
4,24,13,SANTA GUADALUPE O CHORRERA,R
1,25,13,TOMALÁ,U
2,25,13,AZACUALPA,R
3,25,13,EL COPANTE,R
4,25,13,LA SOLEDAD DEL MORRO,R
5,25,13,LOS HORCONCILLOS,R
6,25,13,LOS ZUNCUYOS,R
7,25,13,SAN CRISTÓBAL,R
8,25,13,SAN JUAN,R
9,25,13,SAN LORENZO,R
10,25,13,SAN MARQUITOS,R
11,25,13,SAN PABLO DE CONSOLACIÓN,R
12,25,13,SANTO DOMINGO,R
13,25,13,ALDEA NUEVA,R
1,26,13,VALLADOLID,U
2,26,13,AGUA ZARCA,R
3,26,13,CHANCOYOTE,R
4,26,13,EL CORDONCILLO,R
5,26,13,EL SOCORRO,R
6,26,13,EL YUPURAL,R
7,26,13,GUALCIXE,R
8,26,13,LOS PATIOS,R
9,26,13,LOS REALES,R
10,26,13,SAN LORENZO O LA HACIENDA,R
11,26,13,SANTA BÁRBARA,R
12,26,13,TIERRA BLANCA,R
1,27,13,VIRGINIA,U
2,27,13,AGUA ZARCA,R
3,27,13,CELILAC,R
4,27,13,EL RODEO,R
5,27,13,GUAQUINCORA,R
1,28,13,SAN MARCOS DE CAIQUIN,U
2,28,13,LA AZACUALPA,R
3,28,13,COALACA,R
4,28,13,ARCAMON,R
5,28,13,SUNTULIN,R
6,28,13,GUANAJULQUE,R
7,28,13,LAGUNA SECA,R
1,1,14,OCOTEPEQUE,U
2,1,14,ANTIGUA OCOTEPEQUE,R
3,1,14,EL BARREAL,R
4,1,14,EL VOLCÁN,R
5,1,14,LA COMUNIDAD,R
6,1,14,PIE DEL CERRO,R
7,1,14,SAN JOSÉ DE LA REUNIÓN,R
8,1,14,SAN MIGUEL,R
9,1,14,SAN RAFAEL,R
1,2,14,BELÉN GUALCHO,U
2,2,14,CERRO GRANDE,R
3,2,14,CERRO VERDE,R
4,2,14,EL CIPRÉS,R
5,2,14,EL MAGUEYAL,R
6,2,14,EL PARAÍSO,R
7,2,14,JUALACA,R
8,2,14,LA GOCIA,R
9,2,14,LA MOAGA,R
10,2,14,LA TEJERA,R
11,2,14,PALOS BLANCOS,R
12,2,14,SUYANDE,R
13,2,14,YARUCHEL,R
1,3,14,CONCEPCIÓN,U
2,3,14,SAN JOSÉ,R
3,3,14,SANTA ANITA,R
4,3,14,TULAS,R
1,4,14,DOLORES MERENDÓN,U
2,4,14,SAN JERÓNIMO,R
1,5,14,FRATERNIDAD,U
2,5,14,LAS CRUCES,R
3,5,14,LOS VADOS,R
4,5,14,SAN FRANCISCO,R
1,6,14,LA ENCARNACIÓN,U
2,6,14,CUAJO SECO O LAS DELICIAS,R
3,6,14,EL LIMONCITO,R
4,6,14,EL NARANJO,R
5,6,14,SAN ANTONIO DE LIMONCITO,R
6,6,14,SESESMILES,R
1,7,14,LA LABOR,U
2,7,14,EL INGENIO,R
3,7,14,EL ROSARIO,R
4,7,14,LLANO LARGO,R
5,7,14,MONTEPEQUE,R
6,7,14,PASHAPA,R
7,7,14,SANTA EFIGENIA,R
8,7,14,SANTA LUCÍA,R
1,8,14,LUCERNA,U
2,8,14,LA CONCORDIA,R
3,8,14,RÍO HONDO,R
4,8,14,SANTA ROSITA,R
1,9,14,MERCEDES,U
2,9,14,CONCEPCIÓN,R
3,9,14,EL CORAL,R
4,9,14,EL LIMONCITO,R
5,9,14,LAGUNA SECA,R
6,9,14,LAS VEGAS DEL RÍO CHIQUITO,R
7,9,14,PLAN DEL ROSARIO,R
8,9,14,SAN ANTONIO,R
9,9,14,SAN JOSÉ DEL JOCOTÁN,R
10,9,14,YUSCARÁN,R
1,10,14,SAN FERNANDO,U
2,10,14,EL MANZANO,R
3,10,14,EL ROSARIO,R
4,10,14,NUEVO ESPÍRITU,R
5,10,14,QUESERAS,R
6,10,14,SAN ANTONIO DE CURARÉN,R
7,10,14,SAN JOSÉ DE CURARÉN,R
8,10,14,SANTA INÉS,R
9,10,14,SULAY,R
1,11,14,SAN FRANCISCO DEL VALLE,U
2,11,14,COLOAL,R
3,11,14,EL SILE,R
4,11,14,EL TABLÓN,R
5,11,14,LA LAGUNA,R
6,11,14,SANTA TERESA,R
1,12,14,SAN JORGE,U
2,12,14,EL RASTROJÓN O NUEVA ESPERANZA,R
3,12,14,EL SOCORRO,R
4,12,14,LAS LAGUNAS,R
5,12,14,LOS PLANES,R
6,12,14,RÍO BLANCO,R
7,12,14,SANTA ELENA,R
1,13,14,SAN MARCOS,U
2,13,14,CALLEJONES,R
3,13,14,CUNCE,R
4,13,14,EL CARRIZAL,R
5,13,14,EL GRANZAL,R
6,13,14,EL JARALÓN O NUEVA ALDEA,R
7,13,14,EL REFUGIO,R
8,13,14,EL TRÁNSITO,R
9,13,14,LA ASCENSIÓN,R
10,13,14,POTRERILLOS,R
11,13,14,SABANA LARGA,R
12,13,14,SAN JUAN,R
13,13,14,SAN LUIS,R
14,13,14,SANTA MARTA,R
1,14,14,SANTA FE,U
2,14,14,AGUA CALIENTE,R
3,14,14,EL MOJANAL O EL CARMEN,R
4,14,14,LA QUESERA,R
5,14,14,LOS ENCINOS,R
6,14,14,PIEDRAS BONITAS,R
7,14,14,PIÑUELAS,R
8,14,14,SULNETE,R
1,15,14,SENSENTI,U
2,15,14,AZACUALPA,R
3,15,14,COLONIA SANTA CRUZ,R
4,15,14,EL MATASANO,R
5,15,14,GUALTAYA,R
6,15,14,LA LOMA O SAN FELIPE,R
7,15,14,LAS MESITAS,R
8,15,14,LOS PLANES,R
9,15,14,SAN ANTONIO,R
10,15,14,SAN FRANCISCO DE CONES,R
1,16,14,SINUAPA,U
2,16,14,CACALGUAPA,R
3,16,14,EL CARRIZAL,R
4,16,14,EL MORAL,R
5,16,14,EL OCOTILLO,R
6,16,14,EL PEÑASCO,R
7,16,14,EL TEPESCUINTE,R
8,16,14,LA LABORCITA,R
9,16,14,PLAN DEL RANCHO,R
10,16,14,VALLE DE MERCEDES,R
11,16,14,VERACRUZ,R
12,16,14,EL PORTILLO,R
1,1,15,JUTICALPA,U
2,1,15,ARIMÍS,R
3,1,15,AZACUALPA,R
4,1,15,BIJAGUAL,R
5,1,15,CALPULES NO.1,R
6,1,15,CALPULES NO.2,R
7,1,15,CASAS VIEJAS,R
8,1,15,CAYO BLANCO,R
9,1,15,EL BIJAO,R
10,1,15,EL CARBONAL,R
11,1,15,EL CHAPARRO,R
12,1,15,EL ENCINAL NO.1,R
13,1,15,EL ENCINAL NO.2,R
14,1,15,EL ESPINAL,R
15,1,15,EL HIGUERITO,R
16,1,15,EL PLAN DE LOS CIRUELOS,R
17,1,15,EL PLOMO,R
18,1,15,EL POTRERO DE LAS CASAS O SANT,R
19,1,15,EL RINCÓN DE MAMISACA,R
20,1,15,EL RUSIO,R
21,1,15,EL TIGRE,R
22,1,15,EL ZARZAL,R
23,1,15,GUACAMAYA,R
24,1,15,JUTIQUILE,R
25,1,15,LA CONCEPCIÓN,R
26,1,15,LA EMPALIZADA,R
27,1,15,LA PUERTA,R
28,1,15,LA SIERRA LEPAGUARE,R
29,1,15,LA VENTA,R
30,1,15,LAS FLORES,R
31,1,15,LAS LOMAS,R
32,1,15,LAS LLAVES,R
33,1,15,LAS MINAS,R
34,1,15,LIMONES,R
35,1,15,PANUAYA,R
36,1,15,POTRERILLOS O CAMPO,R
37,1,15,PUEBLO NUEVO,R
38,1,15,PUNUARE,R
39,1,15,PUZUNCA O SAN AGUSTÍN,R
40,1,15,QUILINCHUCHE,R
41,1,15,RANCHO QUEMADO,R
42,1,15,SAN ANTONIO DE SAHARA,R
43,1,15,SAN JUAN,R
44,1,15,SAN MARCOS,R
45,1,15,SAN NICOLÁS,R
46,1,15,SAN PEDRO DE LA JOYA,R
47,1,15,SANTA INÉS O LAS PARRAS,R
48,1,15,SINCUYAPA,R
49,1,15,TAPIQUILE,R
50,1,15,TELICA,R
51,1,15,TROJAS ARRIBA,R
52,1,15,ZOPILOTEPE,R
1,2,15,CAMPAMENTO,U
2,2,15,EL BARRO,R
3,2,15,EL CARRIZAL,R
4,2,15,EL NANCE,R
5,2,15,LA LIBERTAD,R
6,2,15,LA LIMA,R
7,2,15,LA MANACA,R
8,2,15,LOS CORTÉS,R
9,2,15,MORÁN,R
10,2,15,QUEBRADA GRANDE,R
1,3,15,CATACAMAS,U
2,3,15,BACADÍA,R
3,3,15,CONCEPCIÓN DE RÍO TINTO,R
4,3,15,EL CERRO,R
5,3,15,EL PATASTE,R
6,3,15,LA BODEGA,R
7,3,15,LA COLONIA AGRÍCOLA,R
8,3,15,LA COLONIA DE PONCAYA,R
9,3,15,LA CRUZ,R
10,3,15,LA GLORIA DEL PATASTE,R
11,3,15,LA SOSA,R
12,3,15,LAS MESETAS,R
13,3,15,SAN JOSÉ DE RÍO TINTO,R
14,3,15,SAN PEDRO DE CATACAMAS,R
15,3,15,SIGUATE,R
1,4,15,CONCORDIA,U
2,4,15,AMARANGUILES,R
3,4,15,EL PORTILLO,R
4,4,15,JUAN FRANCISCO,R
5,4,15,LA LAGUNA,R
6,4,15,LAS ANIMAS,R
7,4,15,LAVADEROS,R
8,4,15,PEDERNALES,R
9,4,15,TERREROS BLANCOS,R
10,4,15,VILLA DE FÁTIMA O EL TABLÓN,R
11,4,15,VILLA VIEJA,R
1,5,15,DULCE NOMBRE DE CULMÍ,U
2,5,15,AGUA BLANCA,R
3,5,15,AGUA BUENA NO.1,R
4,5,15,AGUAQUIRE,R
5,5,15,EL CERRO,R
6,5,15,EL ZAPOTE,R
7,5,15,LA CAMPANA,R
8,5,15,LA COLONIA,R
9,5,15,LA ESPERANZA O PLAN DE LOS BLANCOS,R
10,5,15,LA LLORONA,R
11,5,15,LA PIMIENTA,R
12,5,15,LA UNIÓN O EL GUANO,R
13,5,15,LAS CASITAS,R
14,5,15,LAS FLORES,R
15,5,15,LAS MARÍAS,R
16,5,15,LAS MINAS,R
17,5,15,LOS ANGELES,R
18,5,15,NUEVA ESPERANZA,R
19,5,15,PAULAYA,R
20,5,15,PUEBLO VIEJO,R
21,5,15,RÍO NEGRO,R
22,5,15,SAN JOSÉ DE LA MONTAÑA,R
23,5,15,SAN PEDRO DE PISIJIRE,R
24,5,15,SUBIRANA,R
25,5,15,SUYAPITA,R
26,5,15,TROPICAL PLYWOOD,R
27,5,15,VALLECITO,R
1,6,15,EL ROSARIO,U
2,6,15,EL OCOTAL,R
3,6,15,EL SALITRE,R
4,6,15,LA CEIBA,R
5,6,15,LAS LAJAS,R
6,6,15,LOS ZAPOTES,R
7,6,15,RÍO TABACO,R
8,6,15,YUPITE,R
1,7,15,ESQUIPULAS DEL NORTE,U
2,7,15,EL CARRIZAL,R
3,7,15,EL ENCINO,R
4,7,15,EL RÍO,R
5,7,15,LA ZUNCUYA,R
6,7,15,LOS ENCUENTROS,R
7,7,15,MIRAMAR,R
8,7,15,PALMIRA,R
1,8,15,GUALACO,U
2,8,15,CHINDONA,R
3,8,15,JICALAPA,R
4,8,15,LA BOCA,R
5,8,15,LA VENTA,R
6,8,15,LAS LOMAS,R
7,8,15,SAGUAY,R
8,8,15,SAN ANTONIO,R
9,8,15,SAN ANTONIO DE PACURA,R
10,8,15,SAN BUENAVENTURA,R
11,8,15,SAN PEDRO,R
12,8,15,VARGAS,R
1,9,15,GUARIZAMA,U
2,9,15,EL ZAPOTAL,R
3,9,15,LA CARTA,R
4,9,15,LOS CAJONES,R
5,9,15,TRINIDAD,R
1,10,15,GUATA,U
2,10,15,AZACUALPITA,R
3,10,15,CORRALITOS,R
4,10,15,LA ENSENADA,R
5,10,15,LA ESTANCIA,R
6,10,15,PUEBLO VIEJO,R
1,11,15,GUAYAPE,U
2,11,15,COYOLES,R
3,11,15,EL COYOL,R
4,11,15,EL COYOLAR,R
5,11,15,EL PARAÍSO,R
6,11,15,EL PASO DE LA HOYA,R
7,11,15,EL RODEO,R
8,11,15,JUCURUNCA,R
9,11,15,LA CONCEPCIÓN,R
10,11,15,MONTE GRANDE,R
11,11,15,SAN JOSÉ,R
12,11,15,SANTA CRUZ DE GUAYAPE,R
13,11,15,SUYAPITA,R
14,11,15,TABLONCITOS,R
15,11,15,VALLECITO,R
1,12,15,JANO,U
2,12,15,COMAYAGÜELA,R
3,12,15,EL ZAPOTILLO,R
4,12,15,LA PITA,R
5,12,15,LA VICTORIA,R
6,12,15,LAS LABRANZAS,R
7,12,15,PACAYA,R
8,12,15,PINTORA,R
1,13,15,LA UNIÓN,U
2,13,15,EL DÍCTAMO,R
3,13,15,LA PITA,R
4,13,15,LOS ENCUENTROS,R
5,13,15,PALALA,R
1,14,15,MANGULILE,U
2,14,15,CAMALOTILLO,R
3,14,15,EL AGUILA,R
4,14,15,EL CERRO,R
5,14,15,EL POTRERO,R
6,14,15,EL TERRERO,R
7,14,15,GUATA,R
8,14,15,JULIÁN,R
9,14,15,LA CHINGA,R
10,14,15,LA PEÑA O PORTILLO DE LA PEÑA,R
11,14,15,LOMITAS,R
12,14,15,LOS BLANCOS,R
13,14,15,MANGULILITO,R
14,14,15,QUEBRADA GRANDE,R
15,14,15,SAN ANTONIO,R
16,14,15,SILACA,R
1,15,15,MANTO,U
2,15,15,AMACUAPA,R
3,15,15,BOCA DEL MONTE,R
4,15,15,EL BEBEDERO,R
5,15,15,EL CERRO,R
6,15,15,JIMASQUE,R
7,15,15,SABANA LARGA,R
8,15,15,SAN ANTONIO,R
9,15,15,ULUAPA,R
1,16,15,SALAMÁ,U
2,16,15,COFRADÍA,R
3,16,15,JUTIAPA,R
4,16,15,LA JAGUA,R
5,16,15,MÉNDEZ,R
6,16,15,POZO ZARCO,R
7,16,15,SABANA GRANDE,R
8,16,15,TALGUA,R
1,17,15,SAN ESTEBAN,U
2,17,15,AGUA BLANCA,R
3,17,15,CARNIZUELAR,R
4,17,15,CONQUIRE,R
5,17,15,CORONADO,R
6,17,15,CORRAL VIEJO,R
7,17,15,EL AGUACATE,R
8,17,15,EL CIRUELO,R
9,17,15,EL LIMONAL,R
10,17,15,EL OCOTE,R
11,17,15,EL QUEBRACHAL,R
12,17,15,EL TUNAL,R
13,17,15,LA CONCEPCIÓN,R
14,17,15,LAS MANZANAS,R
15,17,15,LAS TROJAS,R
16,17,15,MORENO,R
17,17,15,RÍO ABAJO,R
18,17,15,SAN AGUSTÍN ABAJO,R
19,17,15,SAN MARTÍN,R
20,17,15,SANTA MARÍA,R
21,17,15,SANTA MARÍA DEL CARBÓN,R
22,17,15,TORO MUERTO,R
1,18,15,SAN FRANCISCO DE BECERRA,U
2,18,15,BELLA VISTA,R
3,18,15,EL GUINEO,R
4,18,15,LAGUNA SECA,R
5,18,15,LAS TRES CEIBAS,R
6,18,15,SAN LUIS,R
7,18,15,SANTA MARTA,R
1,19,15,SAN FRANCISCO DE LA PAZ,U
2,19,15,EL CARRIZAL,R
3,19,15,EL GUAPINOL,R
4,19,15,EL NANCE,R
5,19,15,EL OCOTAL,R
6,19,15,EL OCOTE,R
7,19,15,EL PEDREGAL,R
8,19,15,GUACOCA,R
9,19,15,LA CRUZ,R
10,19,15,REGADÍO,R
11,19,15,SAN AGUSTÍN,R
12,19,15,SANTA ANA,R
13,19,15,TILAPA,R
1,20,15,SANTA MARÍA DEL REAL,U
2,20,15,EL GUAYABITO,R
3,20,15,SAN CARLOS DE LAS FLORES,R
1,21,15,SILCA,U
2,21,15,EL CARBONAL,R
3,21,15,LA CRUZ,R
4,21,15,PANUAYA,R
5,21,15,PARUMBLE NUEVO,R
6,21,15,SANTA ELENA,R
1,22,15,YOCÓN,U
2,22,15,CAÑADA GALANA,R
3,22,15,EL CUÁBANO,R
4,22,15,EL POTRERO,R
5,22,15,LA EMPALIZADA,R
6,22,15,OCOTAL DEL NAIPE,R
7,22,15,SAN ANTONIO ABAJO,R
8,22,15,SAN PEDRO,R
9,22,15,SANTA RITA O PLAN DEL CONEJO,R
1,23,15,FROYLAN TURCIOS O NUEVA PALESTINA,U
2,23,15,ARENAS BLANCAS,R
3,23,15,EL OCOTILLAL,R
4,23,15,GUINEO ABAJO,R
5,23,15,GUINEO ARRIBA,R
6,23,15,LA LAGUNA,R
7,23,15,LA LIBERTAD,R
8,23,15,LAS PLANCHAS,R
9,23,15,NUEVA CHOLUTECA,R
10,23,15,ONOFIO,R
11,23,15,SAN FERNANDO,R
12,23,15,TEPEMECHÍN,R
13,23,15,TERRERO BLANCO,R
1,1,16,SANTA BÁRBARA,U
2,1,16,AGUA BLANQUITA,R
3,1,16,CERRO GRANDE,R
4,1,16,EL DIEZ Y OCHO O MIRAFLORES,R
5,1,16,EL MOGUETE,R
6,1,16,GUALJOCO,R
7,1,16,LA CEIBITA,R
8,1,16,LA CUESTA,R
9,1,16,LA ESTANCIA,R
10,1,16,LA UNIÓN DEL DORADO,R
11,1,16,LAS CRUCITAS,R
12,1,16,LAS QUEBRADAS,R
13,1,16,LOS ANISES,R
14,1,16,LOS BANCOS,R
15,1,16,LOS LAURELES,R
16,1,16,MACHOLOA,R
17,1,16,RÍO SECO,R
18,1,16,SAN GASPAR DE TABLONES,R
19,1,16,SAN LUIS DE PLANES,R
20,1,16,SANTA RITA DE ORIENTE,R
1,2,16,ARADA,U
2,2,16,BUENA VISTA,R
3,2,16,CANDELARIA,R
4,2,16,CAULOTALES,R
5,2,16,EL OCOTAL,R
6,2,16,EL OCOTILLO,R
7,2,16,EL PALMO,R
8,2,16,EL TULAR,R
9,2,16,LAS BRISAS DE ORO,R
10,2,16,LOS PLANES,R
11,2,16,SORCA,R
1,3,16,ATIMA,U
2,3,16,BERLÍN,R
3,3,16,LEMPA,R
4,3,16,NUEVA VICTORIA,R
5,3,16,SAN JOSÉ DE BUENA VISTA,R
6,3,16,SAN PEDRITO,R
7,3,16,SAN RAFAEL,R
8,3,16,TALANGA,R
1,4,16,AZACUALPA,U
2,4,16,AGUALOTE,R
3,4,16,BUENOS AIRES,R
4,4,16,EL NARANJO,R
5,4,16,EL PINABETE,R
6,4,16,JOCONAL,R
7,4,16,LAGUNA VERDE,R
8,4,16,LA PUERTA,R
9,4,16,LOMA ALTA,R
10,4,16,SAN ANTONIO,R
1,5,16,CEGUACA,U
2,5,16,EL EDÉN,R
3,5,16,LA LIBERTAD,R
4,5,16,SAN JUAN,R
5,5,16,SANTA ANA O LAS LOMAS,R
1,6,16,CONCEPCIÓN DEL NORTE,U
2,6,16,AGUA DULCE,R
3,6,16,BUENA VISTA,R
4,6,16,CONCORDIA,R
5,6,16,CUCHILLA ALTA,R
6,6,16,EL CERRÓN,R
7,6,16,EL MACUELIZO,R
8,6,16,EL ROBLEDAL,R
9,6,16,EL VOLCÁN,R
10,6,16,LA LAGUNA DE PROTECCIÓN,R
11,6,16,LAS FLORES,R
12,6,16,SANTA ANA,R
13,6,16,SUYAPA,R
1,7,16,CONCEPCIÓN DEL SUR,U
2,7,16,EL AGUAJE,R
3,7,16,EL PLAYÓN,R
4,7,16,LA VUELTOSA,R
5,7,16,NUEVA ESPERANZA,R
1,8,16,CHINDA,U
2,8,16,BARRIO NUEVO O CHIQUIGÜITE,R
3,8,16,EL LIMÓN,R
4,8,16,EL RETIRO,R
5,8,16,EL TULE,R
6,8,16,LA BREA,R
7,8,16,LA CUCHILLA,R
8,8,16,PLATANARES,R
9,8,16,RÍO CAÑAS,R
10,8,16,SAN RAFAEL,R
1,9,16,EL NÍSPERO,U
2,9,16,EL PARAÍSO,R
3,9,16,EL TONTOLO,R
4,9,16,NEJAPA,R
5,9,16,NUEVA YORK,R
6,9,16,SAN JERÓNIMO,R
7,9,16,SANTA CRUZ,R
1,10,16,GUALALA,U
2,10,16,ARENALES,R
3,10,16,EL CARRIZAL,R
4,10,16,GUACAMAYA,R
5,10,16,GUALJOQUITO,R
6,10,16,PLATANARES,R
7,10,16,QUEBRADA ARRIBA,R
8,10,16,SANTA ROSITA,R
1,11,16,ILAMA,U
2,11,16,AGUA ZARCA,R
3,11,16,CECECAPA,R
4,11,16,LA CAÑADA,R
5,11,16,LA CUCHILLA,R
6,11,16,LA ESTANCIA,R
7,11,16,LA FE,R
8,11,16,LA MICA,R
9,11,16,LA MONTAÑITA,R
10,11,16,SAN JOSÉ DE ORIENTE,R
11,11,16,SAN JUAN DE LA CRUZ,R
12,11,16,SAN VICENTE DE LAS NIEVES,R
13,11,16,UNCANA,R
1,12,16,MACUELIZO,U
2,12,16,AGUA HELADA,R
3,12,16,ALDEA NUEVA,R
4,12,16,BUENA VISTA,R
5,12,16,CALLEJONES O LA LIBERTAD,R
6,12,16,CASA QUEMADA,R
7,12,16,CHIQUILA,R
8,12,16,EL CIRUELO,R
9,12,16,EL MANGUITO,R
10,12,16,EL PITAL,R
11,12,16,EL ROSARIO,R
12,12,16,LA CUMBRE DE PALMICHAL,R
13,12,16,CUNTA,R
14,12,16,LA FLECHA,R
15,12,16,LA VEGONA,R
16,12,16,LA VIRTUD,R
17,12,16,LAGUNA SECA,R
18,12,16,LAS DELICIAS,R
19,12,16,LAS FLORES,R
20,12,16,LAS MINAS,R
21,12,16,LAS VARAS,R
22,12,16,MATA DE PLÁTANO,R
23,12,16,OJOS DE AGUA,R
24,12,16,PIÑUELAS,R
25,12,16,RÍO BLANCO,R
26,12,16,SABANETAS,R
27,12,16,SAN ANTONIO DE LA CUMBRE,R
28,12,16,SAN ANTONIO DE MACUELIZO,R
29,12,16,SULA,R
30,12,16,ZAPOTALITO,R
1,13,16,NARANJITO,U
2,13,16,CAMACAL,R
3,13,16,EL NISPERAL,R
4,13,16,EL PORTILLO,R
5,13,16,JIMILILE,R
6,13,16,LAS CRUCITAS,R
7,13,16,QUEBRADA DEL RANCHO,R
8,13,16,SAN ISIDRO,R
9,13,16,SAN JUAN,R
10,13,16,SANTA ANA,R
11,13,16,SANTIAGO DE POSTA,R
12,13,16,ULAPA,R
1,14,16,NUEVO CELILAC,U
2,14,16,LA ARADITA,R
3,14,16,LAS CRUCITAS,R
4,14,16,NUEVO JALAPA O TIERRA BLANCA,R
5,14,16,SAN JERÓNIMO DEL PINAL,R
6,14,16,SAN NICOLASITO,R
7,14,16,VALLE DE LA CRUZ,R
1,15,16,PETOA,U
2,15,16,BARANDILLALES,R
3,15,16,CAMALOTALES,R
4,15,16,EL PARAÍSO,R
5,15,16,EL PLAN DE OLOLA,R
6,15,16,LAS FLORES,R
7,15,16,MEZCALITO,R
8,15,16,PUEBLO NUEVO,R
9,15,16,QUEBRADITAS,R
10,15,16,SAN ANTONIO DE LA MAJADA,R
11,15,16,SAN JOAQUÍN,R
12,15,16,SAN JOSÉ DE LA MAJADA,R
13,15,16,SANTA CLARA,R
14,15,16,SANTO DOMINGO,R
1,16,16,PROTECCIÓN,U
2,16,16,BUENOS AIRES,R
3,16,16,EL CHILE,R
4,16,16,EL ENCANTO,R
5,16,16,EL OCOTE O CERRO EL OCOTE,R
6,16,16,EL TRIUNFO O EL JUNCAL,R
7,16,16,LA JAGÜILLA O LOMA ENCERRADA,R
8,16,16,LA LAGUNA,R
9,16,16,LA REINA,R
10,16,16,LA RUIDOSA,R
11,16,16,LAS DELICIAS O LAS LORAS,R
12,16,16,LAS VUELTAS,R
13,16,16,PUEBLO NUEVO,R
14,16,16,ZAMBRANO,R
1,17,16,QUIMISTÁN,U
2,17,16,AGUA SUCIA,R
3,17,16,ALDEA NUEVA O LA DIVISORIA,R
4,17,16,BUENOS AIRES,R
5,17,16,CAMALOTE,R
6,17,16,CORREDEROS,R
7,17,16,EL AGUACATE,R
8,17,16,EL CHAGÜITE,R
9,17,16,EL HIGUERITO,R
10,17,16,EL TABLÓN,R
11,17,16,LA ACEQUIA,R
12,17,16,LA CEIBITA,R
13,17,16,LA MINA,R
14,17,16,LA MONTAÑITA,R
15,17,16,NUEVA ESPERANZA,R
16,17,16,LAGUNA DEL CARMEN,R
17,17,16,LAS CRUCITAS,R
18,17,16,LAS FLORES DE RÍO CHIQUITO,R
19,17,16,MILPA ARADA,R
20,17,16,NACO,R
21,17,16,NUEVA ESPERANZA DE RÍO CHIQUITO,R
22,17,16,OCOTAL TUPIDO,R
23,17,16,PICHINEL,R
24,17,16,PINALEJO,R
25,17,16,RÍO BLANCO,R
26,17,16,SAN ISIDRO,R
27,17,16,SAN JOSÉ DEL CACAO,R
28,17,16,SAN JUAN DEL SITIO,R
29,17,16,SAN MIGUEL DEL PASO VIEJO,R
30,17,16,SANTA CRUZ MINAS,R
31,17,16,TIERRA AMARILLA,R
32,17,16,CONCEPCION DEL LISTON,R
33,17,16,EL PINAL,R
34,17,16,VISTA HERMOSA,R
35,17,16,COL. BRISAS DEL CAMPO,R
36,17,16,RIO CHIQUITO,R
37,17,16,EL VENADO,R
38,17,16,EL POVENIR O EL DESCANSO,R
39,17,16,UNION FRONTERA,R
40,17,16,BUENA VISTA,R
1,18,16,SAN FRANCISCO DE OJUERA,U
2,18,16,EL DIVISO,R
3,18,16,EL GAVILÁN,R
4,18,16,EL PILÓN,R
5,18,16,LA CHORRERA,R
6,18,16,LA PALCA,R
7,18,16,LA VEGA,R
8,18,16,PLAN DE LOS CEDROS,R
9,18,16,PUEBLO NUEVO,R
10,18,16,SAN ISIDRO,R
11,18,16,SAN RAMÓN,R
12,18,16,SANTA ANA,R
13,18,16,SANTA FE,R
1,19,16,SAN JOSÉ DE COLINAS,U
2,19,16,AGUA HELADA,R
3,19,16,CACAHULAPA,R
4,19,16,EL CEIBÓN,R
5,19,16,EL ENCANTO,R
6,19,16,EL JICARAL,R
7,19,16,EL PACAYALITO,R
8,19,16,EL PASTORERO,R
9,19,16,EL PINABETE,R
10,19,16,EL PORVENIR,R
11,19,16,EL TRIUNFO,R
12,19,16,HUNDICIONES,R
13,19,16,LA ALIANZA,R
14,19,16,LA COMUNIDAD,R
15,19,16,LA ISLA,R
16,19,16,LA LIBERTAD,R
17,19,16,LA NUEVA FLORIDA,R
18,19,16,LA UNIÓN,R
19,19,16,LAGUNA COLORADA,R
20,19,16,LAGUNA INEA,R
21,19,16,LAS JOYAS,R
22,19,16,LOMA LARGA,R
23,19,16,NUEVA ESPERANZA,R
24,19,16,PEÑA BLANCA,R
25,19,16,PIEDRA GRANDE,R
26,19,16,SAN FRANCISCO DEL CARRIZAL,R
27,19,16,SAN JOSÉ DE COLÓN,R
28,19,16,SAN LUIS DEL PACAYAL,R
29,19,16,SAN LUIS PLANES,R
30,19,16,SAN MIGUEL DE LAJAS,R
31,19,16,SANTA CRUZ CUCHILLA,R
32,19,16,VICTORIA,R
1,20,16,SAN LUIS,U
2,20,16,CALPULES,R
3,20,16,EL SAUCE,R
4,20,16,EL REGADÍO,R
5,20,16,LAS FLORES,R
6,20,16,LAS ROSAS,R
7,20,16,LA UNIÓN O EL PLAYÓN,R
8,20,16,NISPERALES,R
9,20,16,PALMA REAL,R
10,20,16,SAN FRANCISCO,R
11,20,16,SAN ISIDRO,R
12,20,16,SAN JUAN,R
13,20,16,SAN MIGUEL CUABANALES,R
14,20,16,SANTA ELENA,R
15,20,16,TEJUTALES,R
16,20,16,TATOCA O EL BARRO,R
17,20,16,VILLA LUZ,R
1,21,16,SAN MARCOS,U
2,21,16,AGUA TAPADA,R
3,21,16,BELLA VISTA,R
4,21,16,CAMPO ALEGRE,R
5,21,16,CORRALITO,R
6,21,16,CHUMBAGUA,R
7,21,16,EL CHORRO,R
8,21,16,LLANO DE LOS PANALES,R
9,21,16,EL ROBLEDAL,R
10,21,16,LA PRESA,R
11,21,16,LA PUERTA,R
12,21,16,LAS MINITAS,R
13,21,16,PILETAS,R
14,21,16,PLAN DE OLOLA,R
15,21,16,POTRERILLOS,R
16,21,16,REGADÍO,R
17,21,16,SAN FRANCISCO DE LOS VALLES,R
18,21,16,SITIO VIEJO,R
19,21,16,ZAPOTE NO.1,R
20,21,16,ZAPOTE NO.2,R
1,22,16,SAN NICOLÁS,U
2,22,16,CRUZ GRANDE,R
3,22,16,CHOLOMA O HACIENDA LAS MINITAS,R
4,22,16,EL DESCANSADERO,R
5,22,16,EL PINALEJO,R
6,22,16,EL PORVENIR,R
7,22,16,EL RESUMIDERO,R
8,22,16,LA CUCHILLA,R
9,22,16,SAN MANUEL DEL TRIUNFO,R
10,22,16,SANTA CRUZ,R
1,23,16,SAN PEDRO ZACAPA,U
2,23,16,AGUA CALIENTE,R
3,23,16,AZACUALPA,R
4,23,16,CANCULUNCOS,R
5,23,16,EL MOGOTE,R
6,23,16,EL OCOTE,R
7,23,16,HORCONCITOS,R
8,23,16,LA BOQUITA,R
9,23,16,MOJARRAS,R
10,23,16,SAN ANTONIO DE CHUCHEPEQUE,R
1,24,16,SAN VICENTE CENTENARIO,U
1,25,16,SANTA RITA,U
2,25,16,EL AGUAJE,R
3,25,16,EL JENGIBRAL,R
4,25,16,EL TEUXINTE,R
5,25,16,SAN FERNANDO,R
1,26,16,TRINIDAD,U
2,26,16,CEBADILLA,R
3,26,16,CHIMIZALES,R
4,26,16,EL CARMEN,R
5,26,16,EL COROZAL,R
6,26,16,EL DIVISO,R
7,26,16,EL GUINEAL,R
8,26,16,EL HIGUITO,R
9,26,16,EL RODEO,R
10,26,16,EL TIGRE,R
11,26,16,EL TUMBO,R
12,26,16,LA ALEGRÍA,R
13,26,16,LA ANGOSTURA,R
14,26,16,LA HUERTA,R
15,26,16,LA UNIÓN,R
16,26,16,LAS DELICIAS,R
17,26,16,LAS TROJES,R
18,26,16,MATASANALES,R
19,26,16,PINABETE O LOMA LIMPIA,R
20,26,16,SAN FRANCISCO,R
21,26,16,SANTA ROSITA,R
22,26,16,TASCALAPA,R
1,27,16,LAS VEGAS,U
2,27,16,EL CARRETO,R
3,27,16,EL MOCHITO O MOCHO ARRIBA,R
4,27,16,EL SAUCE,R
5,27,16,FLORES DE BIJAO,R
6,27,16,LA UNIÓN SUYAPA,R
7,27,16,SAN JOSÉ DE LOS ANDES,R
1,28,16,TRASCERROS,U
2,28,16,EL BARRANCO,R
3,28,16,EL ERMITAÑO,R
4,28,16,EL ORO,R
5,28,16,PILADEROS,R
6,28,16,PUEBLO NUEVO,R
7,28,16,SAN JOSÉ DE TARROS,R
8,28,16,SAN MIGUELITO,R
1,1,17,NACAOME,U
2,1,17,AGUA CALIENTE,R
3,1,17,EL ROSARIO,R
4,1,17,EL TABACAL,R
5,1,17,EL TULAR,R
6,1,17,GUACIROPE,R
7,1,17,MOROPOCAY,R
8,1,17,SAN ANTONIO,R
9,1,17,SAN NICOLÁS ARRIBA,R
10,1,17,SAN RAFAEL,R
1,2,17,ALIANZA,U
2,2,17,ALTO DE JESÚS,R
3,2,17,LOS AMATES,R
4,2,17,SAN JERÓNIMO,R
5,2,17,SAN PEDRO CALERO,R
6,2,17,SONORA,R
1,3,17,AMAPALA,U
2,3,17,COYOLITO,R
3,3,17,EL ZOPE,R
4,3,17,GUALORITA,R
5,3,17,LA FLOR,R
6,3,17,LA PINTADILLERA,R
7,3,17,LOS LANGUES,R
8,3,17,PLAYA GRANDE,R
9,3,17,PLAYA NEGRA,R
10,3,17,PUNTA NOVILLO,R
11,3,17,PUERTO GRANDE,R
12,3,17,SAN CARLOS O EL GARROBO,R
13,3,17,SAN PABLO,R
1,4,17,ARAMECINA,U
2,4,17,EL CANTÍL,R
3,4,17,EL PEDREGAL,R
4,4,17,EL TABLÓN,R
5,4,17,LA PEÑA,R
6,4,17,LAS POZAS,R
7,4,17,LOS TERREROS,R
8,4,17,MACUELIZO,R
9,4,17,SAMPITO,R
10,4,17,SANTA LUCÍA,R
11,4,17,SOLUBRE,R
12,4,17,TIERRA BLANCA,R
1,5,17,CARIDAD,U
2,5,17,HONDABLE NO.1,R
3,5,17,LA ESPERANZA,R
4,5,17,LAS DELICIAS,R
5,5,17,SAN ANTONIO,R
1,6,17,GOASCORÁN,U
2,6,17,EL PICACHO,R
3,6,17,LA ARADA,R
4,6,17,LLANO DE JESÚS,R
5,6,17,PIEDRAS BLANCAS,R
6,6,17,SAN ANDRÉS,R
7,6,17,SANTA INÉS,R
8,6,17,SANTA RITA,R
1,7,17,LANGUE,U
2,7,17,CANDELARIA,R
3,7,17,CONCEPCIÓN DE MARÍA O POTRERO,R
4,7,17,LOS LLANOS,R
5,7,17,SAN FRANCISCO NO.2,R
6,7,17,SAN MARCOS O TAMAYO,R
1,8,17,SAN FRANCISCO DE CORAY,U
2,8,17,CALEAS NO.2,R
3,8,17,CERRO GRANDE,R
4,8,17,EL ESPINO,R
5,8,17,EL GUAYABO,R
6,8,17,EL RODEO,R
7,8,17,EL SALITRE,R
8,8,17,LA CAÑADA O CALEA NO.1,R
9,8,17,LA LAGUNA NO.1,R
10,8,17,LA LAGUNA NO.2 O LAS FLORES,R
11,8,17,LAS DELICIAS,R
12,8,17,LAS MESAS,R
13,8,17,LOS AMATES,R
14,8,17,MONTECRISTO,R
15,8,17,PANASACARÁN,R
16,8,17,TALPETATES,R
1,9,17,SAN LORENZO,U
2,9,17,EL CAIMITO,R
3,9,17,EL COMERCIO,R
4,9,17,EL MATIARAL,R
5,9,17,GUANACASTALES,R
6,9,17,LA CRIBA,R
7,9,17,LA CUESTA,R
8,9,17,LAURE ABAJO,R
9,9,17,LAURE ARRIBA,R
10,9,17,SAN JERÓNIMO,R
1,1,18,YORO,U
2,1,18,AYAPA,R
3,1,18,CHALMECA,R
4,1,18,GUARE,R
5,1,18,LA CAPA,R
6,1,18,LA GUATA,R
7,1,18,LA LAGUNA DEL NARANJO,R
8,1,18,LA LAGUNA DE LA CAPA,R
9,1,18,LA ROSA,R
10,1,18,LA TRINIDAD,R
11,1,18,LAS QUEBRADAS,R
12,1,18,LOCOMAPA NO.1,R
13,1,18,LOCOMAPA NO.2,R
14,1,18,MEJÍA,R
15,1,18,NUEVA FLORIDA,R
16,1,18,SAN DIEGO,R
17,1,18,SAN JOSÉ DE TEXIGUAT,R
18,1,18,SUBIRANA,R
19,1,18,TULANGUARE,R
1,2,18,ARENAL,U
2,2,18,CAMPO EL CAYO,R
3,2,18,CHAMPERÍO EL CAYO,R
4,2,18,EL RETIRO,R
5,2,18,SANTA CRUZ,R
6,2,18,TEGUAJAL,R
7,2,18,TIERRA BLANCA,R
1,3,18,EL NEGRITO,U
2,3,18,BATTÁN,R
3,3,18,CAMPO PAUJIL,R
4,3,18,CAMPO PERDÍZ,R
5,3,18,CERRO PRIETO NO.1,R
6,3,18,CERRO PRIETO NO.2,R
7,3,18,EL JOCOMICO,R
8,3,18,EL JUNCO,R
9,3,18,EL NARANJO,R
10,3,18,EL PATE,R
11,3,18,EL ROBLEDAL,R
12,3,18,EL RODEO,R
13,3,18,ESTERO INDIO,R
14,3,18,FINCA TREINTA Y CINCO,R
15,3,18,FINCA TREINTA Y SEIS,R
16,3,18,GUAYMÓN,R
17,3,18,LA LAGUNA,R
18,3,18,LA MAJADA,R
19,3,18,LA VEINTE Y NUEVE,R
20,3,18,LA VEINTE Y OCHO,R
21,3,18,LAS DELICIAS,R
22,3,18,NUEVA SAN ANTONIO,R
23,3,18,SAMAR,R
24,3,18,SAN JERÓNIMO,R
25,3,18,SAN JOSÉ DEL NEGRITO,R
26,3,18,TOYOS,R
27,3,18,VILLA DEL CARMEN O FINCA TREIN,R
1,4,18,EL PROGRESO,U
2,4,18,AGUA BLANCA DEL NORTE,R
3,4,18,AGUA BLANCA SUR,R
4,4,18,ARENAS BLANCAS,R
5,4,18,BUENOS AIRES DEL NORTE,R
6,4,18,BUENOS AIRES O PAUJILES,R
7,4,18,CAMPO AMAPA,R
8,4,18,CAMPO BIRICHICHE O LAS PALOMAS,R
9,4,18,CAMPO BUENA VISTA,R
10,4,18,CAMPO COOB,R
11,4,18,CAMPO DIEZ Y SEIS O BUENOS AMIGOS,R
12,4,18,CAMPO DIEZ ALBOROTO,R
13,4,18,CAMPO LA FRAGUA,R
14,4,18,CAMPO LAS FLORES,R
15,4,18,CAMPO MOCULA,R
16,4,18,CAMPO MONTERREY,R
17,4,18,CAMPO NARANJO CHINO,R
18,4,18,CAMPO ONCE,R
19,4,18,CAMPO PALOS BLANCOS O BRECK,R
20,4,18,COLONIA BRISAS DE LA LIBERTAD,R
21,4,18,COL. COHBASA,R
22,4,18,COL. GUANCHÍAS,R
23,4,18,COL. SAN JOSÉ O LA TREINTA Y N,R
24,4,18,CUATRO DE MARZO,R
25,4,18,EL BÁLSAMO,R
26,4,18,EL PORVENIR DEL NORTE O EL CAMALOTE,R
27,4,18,GUANCHÍA CERRO,R
28,4,18,GUAYMITAS,R
29,4,18,GUAYMITAS VIEJO O EL CASTAÑO,R
30,4,18,LA COLORADA,R
31,4,18,LA CUARENTA,R
32,4,18,LA CURVA O KILÓMETRO CUARENTA,R
33,4,18,LA GUACAMAYA,R
34,4,18,LA MINA,R
35,4,18,LA OCHO O EL SOCORRO,R
36,4,18,LA SARROSA,R
37,4,18,LAS BRISAS DEL NORTE,R
38,4,18,LAS CHUMBAS,R
39,4,18,LAS DELICIAS DEL JUTE,R
40,4,18,MEALER,R
41,4,18,MICO QUEMADO,R
42,4,18,OJO DE AGUA,R
43,4,18,QUEBRADA DE YORO,R
44,4,18,SAN ANTONIO,R
45,4,18,SAN LUIS SEIS,R
46,4,18,SANTA ELENA,R
47,4,18,SANTA INÉS,R
48,4,18,SUYAPA O KILÓMETRO SETENTA,R
49,4,18,URRACO PUEBLO,R
50,4,18,URRACO SUR,R
51,4,18,VERACRUZ PALOMA,R
1,5,18,JOCÓN,U
2,5,18,AGUA FRÍA,R
3,5,18,ALTA CRUZ,R
4,5,18,LA DALIA,R
5,5,18,LA LOMA,R
6,5,18,LA ROSA,R
7,5,18,LAMA,R
8,5,18,MACORA,R
9,5,18,PUENTE GRANDE,R
10,5,18,TAPIQUIL,R
1,6,18,MORAZÁN,U
2,6,18,AGUA BLANCA,R
3,6,18,BUENA VISTA,R
4,6,18,CANDELARIA,R
5,6,18,CARIDAD,R
6,6,18,CUYAMAPA,R
7,6,18,CHILILENGA,R
8,6,18,EL FILÓN DEL PORVENIR,R
9,6,18,LA BOLSITA,R
10,6,18,LA CRUZ,R
11,6,18,LA ESTANCIA,R
12,6,18,LEMPIRA,R
13,6,18,LOS PRIETOS O SAN MARTÍN,R
14,6,18,MANGO SECO,R
15,6,18,MOJIMÁN,R
16,6,18,NOMBRE DE DIOS,R
17,6,18,NUEVA ESPERANZA,R
18,6,18,OCOTE PAULINO,R
19,6,18,PAYA,R
20,6,18,PORTILLO DE GONZÁLEZ,R
21,6,18,SAN ANTONIO O PALMAR,R
22,6,18,SAN JUAN DE CAMALOTE,R
23,6,18,SAN RAFAEL DE AGUACATALES,R
1,7,18,OLANCHITO,U
2,7,18,AGALTECA,R
3,7,18,AGUA CALIENTE,R
4,7,18,ARMENIA,R
5,7,18,BÁLSAMO ORIENTAL,R
6,7,18,BARRANCO,R
7,7,18,BOCA DE MAME,R
8,7,18,BRIONES,R
9,7,18,CALPULES,R
10,7,18,CAMPO AGUA BUENA,R
11,7,18,CAMPO BÁLSAMO,R
12,7,18,CAMPO CALPULES,R
13,7,18,CAMPO EL CHORRO,R
14,7,18,CAMPO LIMONES NO.4 O "A",R
15,7,18,CAMPO LIMONES NO.6,R
16,7,18,CAMPO NERONES,R
17,7,18,CAMPO NUEVO,R
18,7,18,CAMPO PALO VERDE NO.2,R
19,7,18,CAMPO ROSARIO,R
20,7,18,CAMPO TROJAS "A" O NO.2,R
21,7,18,CAMPO TROJAS "B" O NO.3,R
22,7,18,CARBAJALES,R
23,7,18,CLIFTON,R
24,7,18,COOPERATIVA BRISAS DE CUYAMAPA,R
25,7,18,COOPERATIVA DOCE DE DICIEMBRE,R
26,7,18,COYOLES,R
27,7,18,COYOLES CENTRAL,R
28,7,18,CHORRERA,R
29,7,18,EL CARRIL,R
30,7,18,EL CERRO,R
31,7,18,EL COYOLAR,R
32,7,18,EL CHAPARRAL,R
33,7,18,EL JUNCAL,R
34,7,18,EL NANCE,R
35,7,18,EL OCOTE,R
36,7,18,EL TERRERO,R
37,7,18,EL URRACO,R
38,7,18,LA AMÉRICA,R
39,7,18,LA FLORIDA,R
40,7,18,LA HICACA,R
41,7,18,LA LIBERTAD,R
42,7,18,LA REFORMA,R
43,7,18,LA SABANA DE SAN CARLOS,R
44,7,18,LA VEGUITA,R
45,7,18,LAS FLORES,R
46,7,18,LAS HICOTEAS,R
47,7,18,LAS JAGUAS,R
48,7,18,LAS MINAS,R
49,7,18,MALOA,R
50,7,18,MEDINA,R
51,7,18,NUEVA MÉNDEZ,R
52,7,18,NOMBRE DE JESÚS,R
53,7,18,POTRERILLOS,R
54,7,18,PUERTO ESCONDIDO,R
55,7,18,SABANETAS,R
56,7,18,SAN CARLOS,R
57,7,18,SAN DIMAS,R
58,7,18,SAN FRANCISCO,R
59,7,18,SAN JERÓNIMO,R
60,7,18,SAN JOSÉ,R
61,7,18,SAN JUAN,R
62,7,18,SAN LORENZO ABAJO,R
63,7,18,SAN LORENZO ARRIBA,R
64,7,18,SAN MARCOS,R
65,7,18,SANTA BÁRBARA,R
66,7,18,TACUALTUSTE,R
67,7,18,TEGUAJINAL,R
68,7,18,LAS TEJERAS,R
69,7,18,TEPUSTECA,R
70,7,18,TROJAS,R
1,8,18,SANTA RITA,U
2,8,18,CANGREJALES,R
3,8,18,CASIANO,R
4,8,18,EL CALICHE,R
5,8,18,EL CAPULÍN,R
6,8,18,EL REMOLINO,R
7,8,18,EL SANTUARIO DE PLÁCIDO,R
8,8,18,EL VERTIENTE,R
9,8,18,FINCA DIEZ Y NUEVE,R
10,8,18,GUANCHÍAS CRIQUE,R
11,8,18,PLÁCIDO,R
12,8,18,PLAN GRANDE,R
13,8,18,TAPIQUILARES,R
14,8,18,TERRERO NEGRO,R
1,9,18,SULACO,U
2,9,18,EL DESMONTE,R
3,9,18,EL JARAL,R
4,9,18,LA ALBARDILLA,R
5,9,18,LAS CAÑAS,R
6,9,18,SAN ANTONIO,R
7,9,18,SAN JUAN,R
1,10,18,VICTORIA,U
2,10,18,BAJO GRANDE,R
3,10,18,BUENOS AIRES,R
4,10,18,COYOLITO,R
5,10,18,EL JÍCARO,R
6,10,18,EL MANGO,R
7,10,18,EL PATASTE,R
8,10,18,GUARABUQUÍ,R
9,10,18,JACAGUA,R
10,10,18,LA ZARZA,R
11,10,18,LAS FLORES,R
12,10,18,LAS LOMAS,R
13,10,18,LAS VEGAS,R
14,10,18,LOMAS DEL JÍCARO,R
15,10,18,LOS CACAOS,R
16,10,18,MÉNDEZ,R
17,10,18,SAN ISIDRO,R
18,10,18,SANTA LUCÍA,R
19,10,18,TIERRA AMARILLA,R
1,11,18,YORITO,U
2,11,18,EL DESTINO,R
3,11,18,EL PORTILLO,R
4,11,18,JALAPA,R
5,11,18,LA ESPERANZA,R
6,11,18,LUQUIGÜE,R
7,11,18,PUEBLO VIEJO,R
8,11,18,SANTA MARTA,R
9,11,18,VALLECILLOS,R
